"date","lon","lat","id","pt","sst","sf","at","af"
1997-12-03 00:00:00,-58,44.8,"SHIP",5,5.4,1,3,1
1997-12-03 05:00:00,-58.4,45.4,"DGNB",5,5,1,3,1
1997-12-03 06:00:00,-57.9,44.8,"SHIP",5,5.5,1,3.8,1
1997-12-03 08:00:00,-59.5,45.2,"DGNB",5,5.3,1,3.2,1
1997-12-03 12:00:00,-57.8,44.8,"SHIP",5,5.3,1,3.4,1
1997-12-03 12:00:00,-56.1,44.1,"SKUN",5,5.8,1,4.3,1
1997-12-03 18:00:00,-57.5,44.9,"SHIP",5,5.3,1,3.9,1
1997-12-04 12:00:00,-59.7,45.3,"SFMN",5,NA,15,3,1
1997-12-04 18:00:00,-56.3,44.4,"WQVY",5,NA,15,6.5,1
1997-12-05 06:00:00,-56.5,44.8,"XCUY",5,NA,15,3,1
1997-12-07 12:00:00,-59.9,45.9,"CG2260",5,NA,15,4,1
1997-12-07 15:00:00,-59.9,45.9,"CG2260",5,NA,15,4,1
1997-12-07 18:00:00,-59.9,45.9,"CG2260",5,NA,15,3,1
1997-12-08 06:00:00,-59.1,45.5,"VCRJ",5,8,1,3.5,1
1997-12-08 12:00:00,-58.3,45.1,"WPVD",5,6.1,1,5.5,1
1997-12-09 06:00:00,-56.8,45,"SHIP",5,5,1,2.8,1
1997-12-09 06:00:00,-56.6,44,"OUSH2",5,5,1,3.2,1
1997-12-13 12:00:00,-56.5,43.6,"C6NB",5,12.5,1,2.5,1
1997-12-15 18:00:00,-56.7,44.7,"WPKS",5,4.2,1,-1.1,1
1997-12-15 18:00:00,-56.4,44.2,"KRHX",5,6.7,1,2.2,1
1997-12-15 18:00:00,-56.1,44.3,"C6JQ9",5,NA,15,-2.6,1
1997-12-15 20:00:00,-56.9,44,"KRHX",5,7.5,1,2.8,1
1997-12-15 21:00:00,-56.9,44,"KRHX",5,7.5,1,2.8,1
1997-12-16 00:00:00,-57.9,44.3,"WPKS",5,4.2,1,-2.2,1
1997-12-16 21:00:00,-58.3,45.2,"DEDI",5,4,1,-2.5,1
1997-12-18 10:00:00,-59,46.4,"VCRZ",5,NA,15,5,1
1997-12-01 18:00:00,-59.1,41.2,"UCNN",5,11,1,17.4,1
1997-12-04 18:00:00,-58.8,41.1,"3EGS6",5,19,1,11.5,1
1997-12-08 18:00:00,-59.3,41.3,"FNXB",5,19,1,6.6,1
1997-12-09 00:00:00,-59.3,41.1,"PFEZ",5,NA,15,6.2,1
1997-12-14 12:00:00,-59,40.5,"DLBB",5,18.7,1,13.9,1
1997-12-14 18:00:00,-59.9,41.7,"VRUN",5,17,1,7.5,1
1997-12-14 18:00:00,-59,40.7,"4XFQ",5,20,1,15,1
1997-12-16 20:00:00,-58.9,40.1,"9VBK",5,18.4,1,5.9,1
1997-12-16 21:00:00,-58.5,40.2,"9VBK",5,18.9,1,6.6,1
1997-12-17 06:00:00,-59.6,40.8,"WPVD",5,21.3,1,14,1
1997-12-17 09:00:00,-58.4,41,"WPVD",5,15,1,13.8,1
1997-12-02 06:00:00,-59.9,44.5,"SHIP",5,5.6,1,6.3,1
1997-12-02 12:00:00,-58.4,44.5,"SHIP",5,5.6,1,4.5,1
1997-12-03 00:00:00,-58.5,44.4,"4XGT",5,6.2,1,3,1
1997-12-03 09:00:00,-59.8,45.1,"DGNB",5,5.4,1,3.5,1
1997-12-04 06:00:00,-58.8,44.2,"ZCAH2",5,5.4,1,4.6,1
1997-12-04 12:00:00,-58.6,44.1,"WQVY",5,NA,15,5,1
1997-12-07 00:00:00,-60,45,"SFRZ",5,7,1,6,1
1997-12-09 18:00:00,-58.1,44.2,"ZCBH9",5,4.6,1,3.6,1
1997-12-11 12:00:00,-58.9,44.5,"VSBM",5,2,1,1.5,1
1997-12-13 14:00:00,-59.7,45.1,"S6IG",5,3.7,1,-0.2,1
1997-12-17 00:00:00,-59.6,45,"DEDI",5,3.8,1,-0.6,1
1997-12-17 01:00:00,-60,45,"DEDI",5,3.7,1,0.2,1
1997-12-18 06:00:00,-58.5,44.2,"V7AZ8",5,3,1,6,1
1997-12-02 00:00:00,-58.7,41.8,"XCKX",5,18,1,20,1
1997-12-02 06:00:00,-59.3,44,"UCNN",5,6,1,6.8,1
1997-12-02 12:00:00,-58.1,42.7,"OZFC2",5,15.3,1,9.8,1
1997-12-03 12:00:00,-59,43.8,"ZCBF6",5,5.4,1,4.7,1
1997-12-03 12:00:00,-57.6,42.2,"KRPB",5,11,1,8.9,1
1997-12-03 18:00:00,-59,41.4,"OXEH2",5,6,4,4.5,1
1997-12-03 18:00:00,-58.5,41.6,"KRPB",5,21.4,1,9.4,1
1997-12-04 00:00:00,-57.2,42.7,"DQEX",5,12.6,1,6,1
1997-12-04 06:00:00,-58.1,42.9,"DQEX",5,12.2,1,6,1
1997-12-04 12:00:00,-59.4,43.2,"DQEX",5,7.5,1,5,1
1997-12-04 12:00:00,-58.4,42.8,"ZCAH2",5,9,1,5.9,1
1997-12-04 12:00:00,-56.8,43.1,"4XFO",5,7,1,5,1
1997-12-04 18:00:00,-58.5,43.3,"4XFO",5,6,1,5,1
1997-12-05 06:00:00,-60,43.5,"V7AM9",5,6,1,5,1
1997-12-06 12:00:00,-57,42.5,"P3DM3",5,16,1,16,1
1997-12-06 18:00:00,-57.6,43.7,"P3DM3",5,NA,15,NA,15
1997-12-07 18:00:00,-59,42.7,"ELOC8",5,5,1,6.5,1
1997-12-07 18:00:00,-57.8,43.5,"4XGS",5,5.9,1,8,1
1997-12-08 18:00:00,-57.9,41.4,"PFEZ",5,14,1,9.5,1
1997-12-09 18:00:00,-58.6,42.7,"8POG",5,5,1,5.5,1
1997-12-10 00:00:00,-59.8,43.5,"ZCBH9",5,3.5,1,3,1
1997-12-10 18:00:00,-58.7,43.2,"ZCBF2",5,4.8,1,4,1
1997-12-11 00:00:00,-58.2,41.8,"VSBM",5,10,1,9,1
1997-12-11 06:00:00,-58.5,43.2,"VSBM",5,4.8,1,2.7,1
1997-12-11 18:00:00,-59.5,43.5,"ZCBF",5,5,1,1.1,1
1997-12-12 06:00:00,-59.4,42.2,"9HPE5",5,6,1,1.5,1
1997-12-13 12:00:00,-59.3,43.2,"C6OX2",5,0.6,2,4.4,1
1997-12-13 18:00:00,-58.2,43.3,"C6NB",5,5.6,1,2.5,1
1997-12-13 18:00:00,-57.8,42.9,"C6OX2",5,0.9,2,4.4,1
1997-12-14 00:00:00,-59.8,42.9,"C6NB",5,6,1,2.5,1
1997-12-16 03:00:00,-58.4,43.4,"KRHX",5,6.7,1,-5,2
1997-12-16 06:00:00,-59.5,43.5,"WPKS",5,4.5,1,-5,2
1997-12-16 06:00:00,-59.3,43.1,"KRHX",5,6.9,1,-6,2
1997-12-16 06:00:00,-57.1,43.5,"C6JQ9",5,NA,15,-4.1,2
1997-12-01 06:00:00,-58.8,47,"VODB",5,NA,15,3,1
1997-12-02 06:00:00,-59.9,47.2,"VGLN",5,4.4,1,5,1
1997-12-02 23:00:00,-56.8,45.8,"DGNB",5,5,1,3.6,1
1997-12-03 00:00:00,-57,45.7,"DGNB",5,5.7,1,3.5,1
1997-12-03 01:00:00,-57.2,45.7,"DGNB",5,5.6,1,3.4,1
1997-12-03 02:00:00,-57.4,45.6,"DGNB",5,5.8,1,2.2,1
1997-12-04 18:00:00,-57,45.7,"SFMN",5,NA,15,5.2,1
1997-12-05 12:00:00,-57.2,45.8,"CGDG",5,4.2,1,3.7,1
1997-12-05 12:00:00,-57,45.7,"SKPE",5,4.2,1,3.3,1
1997-12-05 12:00:00,-55.9,44.9,"9HPE5",5,5.5,1,3,1
1997-12-05 19:00:00,-59.4,47,"VOCZ",5,NA,15,5,1
1997-12-06 12:00:00,-57.2,45.6,"SFRZ",5,7,1,5,1
1997-12-07 18:00:00,-60,47.6,"C6JY9",5,3.4,1,3,1
1997-12-07 18:00:00,-56.7,45.4,"WPKD",5,6.4,1,11,1
1997-12-08 06:00:00,-56.4,45.6,"WPVD",5,6.1,1,6,1
1997-12-09 12:00:00,-56.3,44.9,"ZCBH9",5,2.6,1,3.4,1
1997-12-11 00:00:00,-55.8,44.8,"CGBS",5,NA,15,3.8,1
1997-12-11 06:00:00,-57,45.5,"GBTT",5,3,1,1.5,1
1997-12-13 18:00:00,-59.3,47.2,"VOCZ",5,NA,15,0,1
1997-12-13 19:00:00,-57.3,45.6,"S6IG",5,4.6,1,-0.4,1
1997-12-13 20:00:00,-56.8,45.7,"S6IG",5,4.1,1,-0.6,1
1997-12-15 06:00:00,-59.3,47.3,"VGLN",5,3.3,1,1,1
1997-12-15 12:00:00,-55.5,44.8,"C6JQ9",5,NA,15,1.2,1
1997-12-15 15:00:00,-56.2,44.8,"KRHX",5,6.7,1,-1.1,1
1997-12-16 17:00:00,-56.8,45.6,"DEDI",5,3,1,-2.2,1
1997-12-16 18:00:00,-57.1,45.5,"DEDI",5,3.2,1,-2.5,1
1997-12-17 12:00:00,-57,45.6,"SHIP",5,3.6,1,3,1
1997-12-18 06:00:00,-57.9,46.5,"VCRZ",5,NA,15,4.5,1
1997-12-12 18:00:00,-59.5,49.9,"ZCCY9",5,1,1,-5,1
1997-12-12 21:00:00,-58,50,"CGGN",5,2.5,1,-4.5,1
1997-12-13 00:00:00,-58,50,"CGGN",5,1.5,1,-5.3,1
1997-12-13 06:00:00,-57.9,50,"CGGN",5,2.5,1,-4,1
1997-12-13 09:00:00,-57.8,50,"CGGN",5,2.4,1,-2.9,1
1997-12-13 15:00:00,-58.1,49.7,"CGGN",5,4,1,0,1
1997-12-13 18:00:00,-58.4,49.3,"CGGN",5,2.9,1,0,1
1997-12-01 03:00:00,-58.1,46.9,"VODB",5,NA,15,4,1
1997-12-02 20:00:00,-55.9,45.9,"DGNB",5,4.6,1,4.1,1
1997-12-02 21:00:00,-56.2,45.9,"DGNB",5,5.4,1,3.9,1
1997-12-02 22:00:00,-56.5,45.8,"DGNB",5,6.1,1,3.7,1
1997-12-04 00:00:00,-57.4,46.7,"C6JY9",5,2.8,1,3.9,1
1997-12-04 00:00:00,-55.9,45.3,"SHIP",5,4.4,1,3.8,1
1997-12-04 06:00:00,-58.9,47.3,"C6JY9",5,3,1,3.6,1
1997-12-04 18:00:00,-55.1,45,"SHIP",5,4.3,1,3.8,1
1997-12-05 00:00:00,-58.8,47.3,"9VBB",5,4.3,1,3.5,1
1997-12-05 06:00:00,-56.9,46.7,"9VBB",5,3.2,1,4.5,1
1997-12-05 06:00:00,-55.9,45.6,"CGDG",5,NA,15,4.3,1
1997-12-06 18:00:00,-58.4,46.9,"CGBS",5,NA,15,3.5,1
1997-12-08 00:00:00,-58,46.9,"C6JY9",5,3.6,1,2.9,1
1997-12-13 12:00:00,-56.3,46.1,"VCRJ",5,8,1,0.5,1
1997-12-13 21:00:00,-56.3,45.8,"S6IG",5,3.8,1,-0.3,1
1997-12-13 22:00:00,-55.8,45.9,"S6IG",5,4.1,1,-0.1,1
1997-12-15 03:00:00,-58.7,47.3,"CGGN",5,4,1,1,1
1997-12-15 12:00:00,-55.5,45.1,"KRHX",5,6.4,1,1.7,1
1997-12-15 12:00:00,-55.4,45.2,"WPKS",5,4.3,1,2.8,1
1997-12-16 14:00:00,-55.8,45.9,"DEDI",5,3,1,-1.7,1
1997-12-16 15:00:00,-56.1,45.8,"DEDI",5,3.3,1,-2,1
1997-12-16 16:00:00,-56.4,45.7,"DEDI",5,3.9,1,-2.2,1
1997-12-17 11:00:00,-57,46.5,"VCRZ",5,NA,15,2,1
1997-12-03 06:00:00,-56.8,42.5,"KRPB",5,14.7,1,8.3,1
1997-12-03 06:00:00,-55.6,44.4,"4XGT",5,7,1,2,1
1997-12-10 18:00:00,-57.8,40.7,"VSBM",5,17.9,1,13.2,1
1997-12-16 22:00:00,-58.1,40.2,"9VBK",5,16.2,1,5.1,1
1997-12-03 03:00:00,-57.7,45.6,"DGNB",5,5.3,1,2.3,1
1997-12-03 04:00:00,-58,45.5,"DGNB",5,5.4,1,2.7,1
1997-12-03 22:00:00,-59.6,46.1,"VCRZ",5,NA,15,4.5,1
1997-12-05 06:00:00,-58.1,45.4,"ZCBE6",5,4.3,1,3,1
1997-12-09 12:00:00,-59.5,46,"VGLN",5,2.2,1,2,1
1997-12-13 17:00:00,-58.3,45.4,"S6IG",5,4.6,1,-0.4,1
1997-12-13 18:00:00,-58.4,45.8,"VCRJ",5,7,1,2.5,1
1997-12-13 18:00:00,-57.8,45.5,"S6IG",5,4.4,1,-0.4,1
1997-12-15 00:00:00,-59.5,46,"VGLN",5,2.8,1,4,1
1997-12-16 19:00:00,-57.5,45.4,"DEDI",5,3.7,1,-3,1
1997-12-16 20:00:00,-57.9,45.3,"DEDI",5,3.7,1,-2.8,1
1997-12-17 06:00:00,-58.5,46,"VCRZ",5,NA,15,2.5,1
1997-12-01 15:00:00,-59.9,45.9,"CG2260",5,NA,15,2,1
1997-12-01 18:00:00,-59.9,45.9,"CG22",5,NA,15,9,1
1997-12-02 00:00:00,-59.6,46,"VGLN",5,4.4,1,1,1
1997-12-02 12:00:00,-59.4,45.4,"UCNN",5,5,1,4.1,1
1997-12-02 12:00:00,-59.9,45.9,"CG22",5,NA,15,5,1
1997-12-02 15:00:00,-59.9,45.9,"CG22",5,NA,15,4.5,1
1997-12-02 18:00:00,-59.9,45.9,"CG22",5,NA,15,2,1
1997-12-03 06:00:00,-58.7,45.4,"DGNB",5,5.3,1,2.8,1
1997-12-03 07:00:00,-59.1,45.3,"DGNB",5,5.2,1,3,1
1997-12-03 18:00:00,-60,45.7,"VCRZ",5,NA,15,4,1
1997-12-03 18:00:00,-59.9,45.9,"CG2260",5,NA,15,8,1
1997-12-03 18:00:00,-59,45.1,"OXEH2",5,6,1,4.5,1
1997-12-04 00:00:00,-59.3,45.6,"ZCAH2",5,6.2,1,4.3,1
1997-12-04 06:00:00,-59.2,45.1,"SHIP",5,4.3,1,4.5,1
1997-12-04 12:00:00,-59.9,45.9,"CG2260",5,NA,15,3,1
1997-12-04 15:00:00,-59.9,45.9,"CG2260",5,NA,15,4.5,1
1997-12-04 18:00:00,-59.9,45.9,"CG2260",5,NA,15,4,1
1997-12-05 00:00:00,-59,45.6,"VGFQ",5,NA,15,4.5,1
1997-12-05 12:00:00,-59.9,45.9,"CG22",5,NA,15,1.5,1
1997-12-05 15:00:00,-59.9,45.9,"CG2260",5,NA,15,8,1
1997-12-05 18:00:00,-59.9,45.9,"CG22",5,NA,15,8.5,1
1997-12-06 12:00:00,-59.9,45.9,"CG2260",5,NA,15,3.5,1
1997-12-06 15:00:00,-59.9,45.9,"CG2260",5,NA,15,4,1
1997-12-06 18:00:00,-59.9,45.9,"CG2260",5,NA,15,5.5,1
1997-12-10 12:00:00,-58.8,45.2,"P3UX7",5,4,1,5,1
1997-12-11 18:00:00,-59.3,45.7,"VSBM6",5,4,1,-1,1
1997-12-12 15:00:00,-59.9,45.9,"CG2260",5,NA,15,-0.9,1
1997-12-13 06:00:00,-59.6,46,"VCRZ",5,NA,15,-1,1
1997-12-13 15:00:00,-59.9,45.9,"CG2260",5,NA,15,2,1
1997-12-13 15:00:00,-59.2,45.2,"S6IG",5,4.2,1,-0.1,1
1997-12-13 16:00:00,-58.7,45.3,"S6IG",5,4.4,1,0.1,1
1997-12-15 15:00:00,-59.9,45.9,"CG2260",5,NA,15,-6,1
1997-12-16 12:00:00,-59.7,45.9,"ZCAN2",5,NA,15,-6,1
1997-12-16 12:00:00,-59.9,45.9,"CG2260",5,NA,15,-8.5,2
1997-12-16 18:00:00,-59.9,45.9,"CG2260",5,NA,15,-2,1
1997-12-16 22:00:00,-58.8,45.2,"DEDI",5,4,1,-2.1,1
1997-12-16 23:00:00,-59.2,45.1,"DEDI",5,3.8,1,-1.3,1
1997-12-18 00:00:00,-59.9,45.7,"ZCAN2",5,NA,15,1.5,1
1997-12-18 12:00:00,-59.9,45.9,"CG2260",5,NA,15,1,1
1997-12-18 15:00:00,-59.9,45.9,"CG2260",5,NA,15,5,1
1997-12-01 18:00:00,-56.3,46.6,"VCLW",5,NA,15,5,1
1997-12-02 16:00:00,-54.2,46.2,"DGNB",5,3.7,1,4.2,1
1997-12-02 17:00:00,-54.7,46.1,"DGNB",5,4.5,1,4.6,1
1997-12-02 18:00:00,-55.1,46,"DGNB",5,4.6,1,4.4,1
1997-12-02 19:00:00,-55.5,46,"DGNB",5,4.8,1,4.3,1
1997-12-03 18:00:00,-55.9,46.4,"C6JY9",5,2.9,1,4.2,1
1997-12-05 00:00:00,-55.2,45.9,"ZCBE6",5,4.9,1,3.4,1
1997-12-05 00:00:00,-55.1,46.1,"VRUN7",5,6.5,1,5,1
1997-12-05 00:00:00,-54.6,45.7,"CGDG",5,3,1,4,1
1997-12-05 00:00:00,-54.4,46.2,"SFMN",5,NA,15,5.1,1
1997-12-05 12:00:00,-55.5,46.1,"VGFQ",5,NA,15,3.5,1
1997-12-05 12:00:00,-54.5,46.2,"9VBB",5,2.9,1,3.5,1
1997-12-06 00:00:00,-55.3,45.9,"SFRZ",5,7,1,6,1
1997-12-07 18:00:00,-56.3,46.5,"ZCCV5",5,3.5,1,2.5,1
1997-12-07 18:00:00,-54.8,45.5,"CGBS",5,4.5,1,3.1,1
1997-12-08 00:00:00,-54.5,46.2,"WPVD",5,4.6,1,5.4,1
1997-12-08 06:00:00,-56,46.3,"C6JY9",5,3.9,1,4.6,1
1997-12-08 12:00:00,-56,47,"FSCH",5,13.3,7,13.2,3
1997-12-12 18:00:00,-55.6,46.6,"CG3029",5,4,1,0.5,1
1997-12-13 06:00:00,-54.2,46.4,"VCRJ",5,7,1,-1,1
1997-12-13 23:00:00,-55.4,46,"S6IG",5,3.5,1,-0.1,1
1997-12-14 00:00:00,-54.9,46.1,"S6IG",5,4.1,1,-0.3,1
1997-12-14 00:00:00,-54.6,46.1,"S6IG",5,4,1,6.8,1
1997-12-14 01:00:00,-54.4,46.1,"S6IG",5,3.5,1,-0.3,1
1997-12-16 09:00:00,-54.2,46.2,"DEDI",5,2,1,-2.1,1
1997-12-16 10:00:00,-54.5,46.1,"DEDI",5,2.1,1,-1.5,1
1997-12-16 11:00:00,-54.9,46.1,"DEDI",5,3.4,1,-1,1
1997-12-16 12:00:00,-55.2,46,"DEDI",5,2.6,1,-1.7,1
1997-12-16 13:00:00,-55.5,45.9,"DEDI",5,2.4,1,-1.6,1
1997-12-17 00:00:00,-54.8,46,"SKPE",5,2.2,1,-0.6,1
1997-12-17 06:00:00,-55,46.6,"SHIP",5,2.4,1,-0.3,1
1997-12-01 18:00:00,-59.6,46.9,"VOCZ",5,NA,15,2,1
1997-12-03 18:00:00,-59.6,46.9,"VOCZ",5,NA,15,2,1
1997-12-04 15:00:00,-59.8,46.7,"VOCZ",5,NA,15,3,1
1997-12-07 18:00:00,-59.6,46.9,"VOCZ",5,NA,15,4,1
1997-12-09 18:00:00,-59.6,46.9,"VOCZ",5,NA,15,2,1
1997-12-10 18:00:00,-59.7,46.9,"VOCZ",5,NA,15,0,1
1997-12-12 18:00:00,-59.7,46.8,"VOCZ",5,NA,15,2,1
1997-12-14 18:00:00,-59.7,46.9,"VOCZ",5,NA,15,2,1
1997-12-14 00:00:00,-59.2,48.5,"CGGN",5,4.2,1,2,1
1997-12-14 15:00:00,-58.5,48.5,"CGGN",5,2.8,1,1,1
1997-12-17 06:00:00,-60,48,"VGLN",5,2.8,1,1.5,1
1997-12-01 06:00:00,-55,49.4,"SFRZ",5,NA,15,11,3
1997-12-09 18:00:00,-54.4,49.9,"VCRJ",5,5,1,-0.5,1
1997-12-11 06:00:00,-52.8,49.1,"CFD365",5,1,1,-1.5,1
1997-12-27 13:00:00,-59.4,48.2,"VYQJ",5,NA,15,1,1
1997-12-20 12:00:00,-55.7,45.9,"SFMN",5,10.5,1,2,1
1997-12-21 00:00:00,-55.1,46.3,"V7AU8",5,2,1,-0.5,1
1997-12-21 06:00:00,-56.8,46.7,"V7AU8",5,1.8,1,-1.4,1
1997-12-22 18:00:00,-54.1,46.5,"C6IZ5",5,3,1,-4.2,1
1997-12-23 06:00:00,-57.9,47.1,"C6IZ5",5,2,1,-1,1
1997-12-23 09:00:00,-54.1,46.5,"VOLG",5,0,1,-10.3,4
1997-12-23 15:00:00,-56.3,46.6,"VOLG",5,0,1,-9.1,2
1997-12-23 21:00:00,-55.6,45.8,"9VBL",5,1.3,1,-5.5,2
1997-12-23 22:00:00,-55.2,45.9,"9VBL",5,1.9,1,-5.1,1
1997-12-23 23:00:00,-54.7,46,"9VBL",5,1.8,1,-4.9,1
1997-12-26 00:00:00,-57.2,46.8,"V7AU8",5,2,1,0,1
1997-12-26 06:00:00,-55.5,46.4,"V7AU",5,1.6,1,1.1,1
1997-12-28 12:00:00,-57.2,46.7,"VRVH9",5,7,1,-0.1,1
1997-12-28 18:00:00,-55.5,46.4,"VRVH9",5,5,1,-1.3,1
1997-12-30 18:00:00,-55.9,47.2,"VCTJ",5,NA,15,3,1
1997-12-31 22:00:00,-54.4,46.2,"S6IG",5,2,1,1.9,1
1997-12-31 23:00:00,-54.6,46.1,"S6IG",5,2.9,1,1.9,1
1997-12-02 18:00:00,-55.1,44,"OZFC2",5,8.3,1,10.2,1
1997-12-10 06:00:00,-54.9,43.8,"ELUU",5,10,1,8,1
1997-12-16 18:00:00,-55.3,44.6,"4XFB",5,5.5,1,0,1
1997-12-20 06:00:00,-54.4,45.1,"SLCO",5,4.9,1,2.4,1
1997-12-20 12:00:00,-55.3,44.2,"UGOK",5,8,1,4,1
1997-12-21 12:00:00,-55.4,45.6,"KRNJ",5,7.4,1,0.8,1
1997-12-23 00:00:00,-55,45.4,"P3WE5",5,0,1,-2,1
1997-12-23 12:00:00,-55.2,45.5,"VOLG",5,0,1,-11.9,6
1997-12-24 12:00:00,-55.3,45,"OUJH2",5,3.5,1,1,1
1997-12-30 18:00:00,-54.2,45.2,"OWEB2",5,2.5,1,7.2,1
1997-12-02 03:00:00,-50.2,49.6,"DGNB",5,3.7,1,2.2,1
1997-12-02 04:00:00,-50.4,49.3,"DGNB",5,3.1,1,1.6,1
1997-12-02 05:00:00,-50.7,49,"DGNB",5,2.6,1,1.3,1
1997-12-02 06:00:00,-50.9,48.7,"DGNB",5,2.4,1,1.6,1
1997-12-02 14:00:00,-53.2,46.4,"DGNB",5,3.7,1,5.8,1
1997-12-02 15:00:00,-53.7,46.3,"DGNB",5,3.8,1,7.7,1
1997-12-03 06:00:00,-54.1,46.1,"OWDQ2",5,2.6,1,5,1
1997-12-03 12:00:00,-54.1,46.2,"C6JY9",5,2.7,1,3.5,1
1997-12-05 00:00:00,-54.6,45.6,"XCUY",5,4,1,3,1
1997-12-06 00:00:00,-53.1,46.3,"SFRZ",5,7,1,5,1
1997-12-08 12:00:00,-54.5,45.7,"SHIP",5,4.2,1,4,1
1997-12-08 12:00:00,-54,46.2,"C6JY9",5,2.8,1,4,1
1997-12-09 06:00:00,-54.4,45.6,"ZCBH9",5,2.5,1,2,1
1997-12-10 00:00:00,-53.8,46.1,"P3UX7",5,2,1,3,1
1997-12-11 00:00:00,-53.4,45.7,"OUNI5",5,NA,15,4.2,1
1997-12-14 02:00:00,-53.9,46.2,"S6IG",5,2.2,1,-0.1,1
1997-12-14 03:00:00,-53.5,46.2,"S6IG",5,2.7,1,-0.1,1
1997-12-14 04:00:00,-53.1,46.2,"S6IG",5,2.8,1,0.1,1
1997-12-15 06:00:00,-53.7,45.7,"C6JQ9",5,5,1,2.2,1
1997-12-15 06:00:00,-53.1,46.1,"KRHX",5,5.5,1,2.2,1
1997-12-16 05:00:00,-52.9,46.4,"DEDI",5,2,1,-2.6,1
1997-12-16 06:00:00,-53.2,46.4,"DEDI",5,2.3,1,-2.8,1
1997-12-16 07:00:00,-53.6,46.3,"DEDI",5,2,1,-2.7,1
1997-12-16 08:00:00,-53.9,46.3,"DEDI",5,1.9,1,-2.5,1
1997-12-19 12:00:00,-53.3,46.3,"GBTT",5,2,1,0,1
1997-12-20 18:00:00,-53.3,46.3,"V7AU8",5,3.2,1,0.6,1
1997-12-21 12:00:00,-53.1,46.3,"KRLZ",5,6.5,1,2,1
1997-12-22 18:00:00,-53.5,46.1,"ESXD",5,0,1,-1,1
1997-12-24 00:00:00,-54.3,46.1,"9VBL",5,1.2,1,-5.1,1
1997-12-24 01:00:00,-53.8,46.2,"9VBL",5,0.8,1,-4.9,1
1997-12-24 02:00:00,-53.4,46.2,"9VBL",5,0.6,1,-5.5,1
1997-12-24 03:00:00,-53,46.3,"9VBL",5,1.1,1,-5.7,1
1997-12-26 12:00:00,-53.8,46.2,"V7AU8",5,3.1,1,2.5,1
1997-12-27 00:00:00,-54.1,46.2,"SKUN",5,0.8,1,2.1,1
1997-12-31 16:00:00,-53.2,46.4,"S6IG",5,1.6,1,3,1
1997-12-31 17:00:00,-53.5,46.4,"S6IG",5,2.3,1,3,1
1997-12-31 18:00:00,-53.7,46.3,"S6IG",5,1.3,1,2.9,1
1997-12-31 19:00:00,-53.8,46.3,"S6IG",5,1.2,1,2.5,1
1997-12-31 20:00:00,-54,46.3,"S6IG",5,1.7,1,2.3,1
1997-12-31 21:00:00,-54.2,46.2,"S6IG",5,1.5,1,2.1,1
1997-12-03 12:00:00,-53.3,44.4,"4XGT",5,7,1,4,1
1997-12-03 18:00:00,-53.9,44.5,"SKUN",5,6,1,5.3,1
1997-12-05 00:00:00,-54,44.6,"WQVY",5,NA,15,6,1
1997-12-13 00:00:00,-53.6,44,"C6NB7",5,2.2,1,1.5,1
1997-12-16 12:00:00,-54,44.6,"4XFB",5,5,1,0,1
1997-12-30 06:00:00,-54.2,43.9,"4XFP",5,8,1,1.5,1
1997-12-31 06:00:00,-54.1,43.6,"3EPI6",5,8,1,12,1
1997-12-25 06:00:00,-55,44.7,"WQVY",5,NA,15,4,1
1997-12-09 12:00:00,-53,44.8,"OUSH2",5,5.2,1,3.8,1
1997-12-23 18:00:00,-53.5,45.1,"LAOX4",5,4,1,-5,2
1997-12-24 18:00:00,-59.6,47,"VOCZ",5,NA,15,1,1
1997-12-25 06:00:00,-59.5,47,"VOLG",5,0,1,1.3,1
1997-12-25 18:00:00,-59,47.3,"V7AU",5,4.2,1,0.2,1
1997-12-26 07:00:00,-59.7,46.9,"VOCZ",5,NA,15,2,1
1997-12-19 00:00:00,-55.8,45.3,"XCKX",5,2,1,3,1
1997-12-19 18:00:00,-56.5,45.7,"GBTT",5,1,1,0,1
1997-12-21 12:00:00,-58.4,47.2,"V7AU8",5,3,1,-3,1
1997-12-23 17:00:00,-57.4,45.5,"9VBL",5,2.8,1,-4.9,1
1997-12-23 18:00:00,-56.9,45.6,"9VBL",5,1.5,1,-4.9,1
1997-12-23 19:00:00,-56.5,45.7,"9VBL",5,2.1,1,-5.7,1
1997-12-23 20:00:00,-56.1,45.7,"9VBL",5,2.6,1,-5.6,1
1997-12-27 06:00:00,-56.2,45.8,"SKUN",5,1.5,1,3.3,1
1997-12-29 18:00:00,-57.2,45.6,"OUUU2",5,3.5,1,3,1
1997-12-02 07:00:00,-51.2,48.4,"DGNB",5,2.7,1,1.8,1
1997-12-02 08:00:00,-51.5,48.1,"DGNB",5,2.5,1,2.2,1
1997-12-02 09:00:00,-51.7,47.8,"DGNB",5,2.9,1,3.1,1
1997-12-09 06:00:00,-52.6,47.8,"VCRJ",5,5,1,2,1
1997-12-11 06:00:00,-52.2,48,"VCRJ",5,7,3,0.5,1
1997-12-19 18:00:00,-56.5,49.7,"GBTT",5,1,1,0,1
1997-12-23 12:00:00,-52.7,48.9,"CFD365",5,0,1,-7,1
1997-12-27 06:00:00,-58.4,49.7,"VYQJ",5,NA,15,-1,1
1997-12-28 00:00:00,-52.7,48.8,"CFD365",5,1,1,1,1
1997-12-02 12:00:00,-52.5,46.8,"DGNB",5,2.8,1,3.9,1
1997-12-07 18:00:00,-52.7,47.2,"VCSZ",5,NA,15,1,1
1997-12-09 00:00:00,-53.2,46.5,"VCRJ",5,7,1,3,1
1997-12-11 06:00:00,-52.2,47.2,"V2XM",5,NA,15,1.9,1
1997-12-22 12:00:00,-53,47,"ESXD",5,2,1,0,1
1997-12-31 08:00:00,-52.1,47.3,"S6IG",5,1.1,1,3.1,1
1997-12-31 09:00:00,-52.2,47.2,"S6IG",5,1.2,1,3.2,1
1997-12-31 10:00:00,-52.4,47,"S6IG",5,1.2,1,3,1
1997-12-31 11:00:00,-52.5,46.9,"S6IG",5,0.9,1,1.8,1
1997-12-31 12:00:00,-52.6,46.8,"S6IG",5,1.9,1,3.4,1
1997-12-31 13:00:00,-52.7,46.6,"S6IG",5,0.6,1,4,1
1997-12-31 14:00:00,-52.8,46.5,"S6IG",5,1.6,1,3.4,1
1997-12-31 15:00:00,-53,46.5,"S6IG",5,1.8,1,3.1,1
1997-12-02 06:00:00,-56,42.4,"XCKX",5,13,1,18,1
1997-12-03 00:00:00,-56.1,42.6,"KRPB",5,4.7,1,8.9,1
1997-12-03 18:00:00,-56.1,42.8,"ZCBF6",5,7,1,7,1
1997-12-07 06:00:00,-56.2,43,"ELOC8",5,7,1,8,1
1997-12-10 00:00:00,-56.4,42.8,"8POG",5,8,1,5,1
1997-12-18 06:00:00,-55.9,43,"4XGU",5,6.6,1,9,1
1997-12-24 06:00:00,-58.2,43.8,"OUJH2",5,3.1,1,0,1
1997-12-25 12:00:00,-56.9,44.1,"WQVY",5,5,1,5.5,1
1997-12-26 06:00:00,-58.1,43.9,"4XGV",5,3.5,1,3.5,1
1997-12-28 12:00:00,-56.4,43.7,"KCBK",5,44.4,14,12.8,1
1997-12-30 00:00:00,-57,43.7,"SHIP",5,5,1,1,1
1997-12-30 12:00:00,-57,44.2,"OWEB2",5,2.7,1,7.5,1
1997-12-30 18:00:00,-57.2,43.1,"KRPB",5,3,1,11.5,1
1997-12-31 00:00:00,-56.9,43.5,"3EPI6",5,4,1,1,1
1997-12-19 12:00:00,-55.5,40.7,"3EPI6",5,20,1,8.5,1
1997-12-28 00:00:00,-55.6,40.7,"C6IZ3",5,18.2,1,17,1
1997-12-19 00:00:00,-58.3,42.4,"VSBM6",5,12.5,1,4.5,1
1997-12-20 18:00:00,-58.9,43.7,"SLCO",5,5.3,1,3.8,1
1997-12-21 00:00:00,-58.3,43.1,"UGOK",5,8,1,2,1
1997-12-21 06:00:00,-58.8,42.7,"LAGK5",5,NA,15,3,1
1997-12-22 00:00:00,-59.6,43.8,"KRNJ",5,8.4,1,1.1,1
1997-12-23 18:00:00,-59.9,43.5,"ESXD",5,2,1,1,1
1997-12-25 18:00:00,-59.2,43.2,"WQVY",5,NA,15,7,1
1997-12-27 06:00:00,-58.4,42.7,"ZCAH",5,9.4,1,8.4,1
1997-12-27 12:00:00,-58.8,43.6,"3EFX5",5,10,1,6,1
1997-12-29 18:00:00,-59.7,43.5,"SHIP",5,5,1,1,1
1997-12-30 06:00:00,-57.4,42.9,"V2AJ5",5,NA,15,10.5,1
1997-12-30 12:00:00,-59.7,43.5,"V2AJ",5,NA,15,9.9,1
1997-12-30 18:00:00,-59.3,43.5,"3EPI6",5,4,1,9.5,1
1997-12-02 18:00:00,-54.5,42.8,"KRPB",5,7.7,1,13.3,1
1997-12-03 18:00:00,-55.5,41.5,"3EGS6",5,14,1,15,1
1997-12-04 06:00:00,-55.1,42.9,"4XFO",5,11,1,7,1
1997-12-04 18:00:00,-55.9,41.2,"DEAZ",5,18,1,12.6,1
1997-12-07 18:00:00,-54.9,42.4,"LAGI",5,11.6,1,9,1
1997-12-08 00:00:00,-55.2,43.2,"4XGS",5,10.3,1,8,1
1997-12-09 00:00:00,-56.6,41.5,"FNXB",5,16.8,1,6.6,1
1997-12-11 00:00:00,-55.8,42.6,"ZCBF2",5,7.8,1,6.2,1
1997-12-13 06:00:00,-55,43.8,"C6NB7",5,12.5,1,2.5,1
1997-12-14 00:00:00,-55.3,42.6,"C6OX2",5,0.4,2,5,1
1997-12-14 06:00:00,-56.7,41.3,"DLBB",5,14,1,9.2,1
1997-12-15 18:00:00,-55.8,42.7,"ZCBE6",5,5.4,1,-2.3,1
1997-12-17 00:00:00,-54.5,42.4,"OUUU2",5,NA,15,2,1
1997-12-17 04:00:00,-55.7,40.8,"9VBK",5,18.5,1,6.5,1
1997-12-17 15:00:00,-56,41.4,"WPVD",5,18.3,1,14.4,1
1997-12-18 00:00:00,-55.3,43.7,"V7AZ8",5,11,1,11.1,1
1997-12-22 00:00:00,-54.5,42.5,"4XFE",5,10,1,2,1
1997-12-26 00:00:00,-55.6,43.6,"4XGV",5,12.3,1,6.2,1
1997-12-27 06:00:00,-56.6,41.5,"9HIG4",5,17.2,1,16,1
1997-12-30 00:00:00,-55.5,42.4,"V2AJ5",5,NA,15,7,1
1997-12-31 06:00:00,-56.8,41.5,"VJEU",5,NA,15,14,1
1997-12-19 12:00:00,-59.9,45.9,"CG2260",5,NA,15,-5.5,1
1997-12-19 15:00:00,-59.9,45.9,"CG2260",5,NA,15,-1.5,1
1997-12-19 18:00:00,-59.9,45.9,"CG2260",5,NA,15,-0.5,1
1997-12-19 18:00:00,-59.7,46.3,"VGLN",5,2.2,1,-1,1
1997-12-20 00:00:00,-59.3,45.1,"GBTT",5,3,1,1.5,1
1997-12-20 12:00:00,-59.9,45.9,"CG2260",5,NA,15,-1,1
1997-12-20 15:00:00,-59.9,45.9,"CG2260",5,NA,15,-0.5,1
1997-12-20 18:00:00,-59.9,45.9,"CG2260",5,NA,15,-0.5,1
1997-12-21 06:00:00,-59,45.2,"UGOK",5,8,1,2,1
1997-12-21 12:00:00,-60,45.7,"ZCAM9",5,NA,15,-5,1
1997-12-21 12:00:00,-59.9,45.9,"CG2260",5,NA,15,-5,1
1997-12-21 15:00:00,-59.9,45.9,"CG2260",5,NA,15,-3,1
1997-12-21 18:00:00,-59.9,45.9,"CG2260",5,NA,15,-2,1
1997-12-22 00:00:00,-57.9,45.2,"KRLZ",5,7.4,1,2,1
1997-12-22 12:00:00,-59.9,45.9,"CG2260",5,NA,15,-4.5,1
1997-12-22 18:00:00,-59.9,45.9,"CG2260",5,NA,15,-3.3,1
1997-12-22 18:00:00,-58.4,45.3,"3ENQ9",5,3,1,-2.5,1
1997-12-23 11:00:00,-59.9,45,"9VBL",5,2.5,1,-5,1
1997-12-23 12:00:00,-59.5,45.1,"9VBL",5,2.9,1,-3.9,1
1997-12-23 12:00:00,-59.3,45.2,"OUSH2",5,3,1,-3.5,1
1997-12-23 13:00:00,-59,45.2,"9VBL",5,3,1,-3.4,1
1997-12-23 14:00:00,-58.6,45.3,"9VBL",5,2.7,1,-3.2,1
1997-12-23 15:00:00,-58.2,45.3,"9VBL",5,2.8,1,-3.3,1
1997-12-23 16:00:00,-57.8,45.4,"9VBL",5,2.7,1,-3.3,1
1997-12-24 12:00:00,-59.9,45.9,"CG2260",5,NA,15,-1,1
1997-12-24 15:00:00,-59.9,45.9,"CG2260",5,NA,15,0.8,1
1997-12-24 18:00:00,-59.9,45.9,"CG2260",5,NA,15,1,1
1997-12-25 06:00:00,-59.7,45.9,"VGLN",5,2.2,1,2,1
1997-12-25 07:00:00,-59.6,46.7,"VOCZ",5,NA,15,1,1
1997-12-25 12:00:00,-59.9,45.9,"CG2260",5,NA,15,-0.5,1
1997-12-25 15:00:00,-59.9,45.9,"CG2808",5,NA,15,1,1
1997-12-25 18:00:00,-59.9,45.9,"CG2260",5,NA,15,1.5,1
1997-12-26 15:00:00,-59.9,45.9,"CG2260",5,NA,15,3.5,1
1997-12-27 12:00:00,-58.6,45.4,"SKUN",5,2.3,1,2.9,1
1997-12-27 18:00:00,-59.2,45.2,"ZCAH",5,3.8,1,2.4,1
1997-12-28 00:00:00,-59.6,46.5,"ZCAH2",5,2.5,1,1.3,1
1997-12-28 15:00:00,-59.9,45.9,"CG22",5,NA,15,0.5,1
1997-12-28 18:00:00,-59.9,45.9,"CG22",5,NA,15,1,1
1997-12-29 12:00:00,-59.9,45.9,"CG2260",5,NA,15,-9,2
1997-12-29 15:00:00,-59.9,45.9,"CG2260",5,NA,15,-2.3,1
1997-12-29 18:00:00,-59.9,45.9,"CG2260",5,NA,15,-1,1
1997-12-30 12:00:00,-59.9,45.9,"CG2260",5,NA,15,4.8,1
1997-12-30 12:00:00,-59.7,46.3,"VGFQ",5,NA,15,2,1
1997-12-30 15:00:00,-59.9,45.9,"CG2260",5,NA,15,7,1
1997-12-30 18:00:00,-59.9,45.9,"CG22",5,NA,15,7.5,1
1997-12-31 12:00:00,-59.9,45.9,"CG2260",5,NA,15,3.3,1
1997-12-31 15:00:00,-59.9,45.9,"CG2260",5,NA,15,3.3,1
1997-12-19 06:00:00,-58.2,44.6,"XCKX",5,3,1,2.5,1
1997-12-20 12:00:00,-56.8,44.4,"SLCO",5,4.7,1,4.4,1
1997-12-21 18:00:00,-57.5,44.6,"KRNJ",5,7.6,1,1.5,1
1997-12-23 06:00:00,-56.6,44.8,"ESXD",5,0,2,-4,1
1997-12-05 00:00:00,-56,40.7,"2ZCAH2",5,14.6,1,13.6,1
1997-12-09 00:00:00,-55.8,40.3,"XCMG",5,NA,15,11.5,1
1997-12-11 00:00:00,-56.3,40.5,"KRPB",5,19.2,1,15.6,1
1997-12-16 23:00:00,-57.7,40.3,"9VBK",5,16.6,1,5,1
1997-12-17 00:00:00,-57.3,40.4,"9VBK",5,15.4,1,5.4,1
1997-12-17 01:00:00,-56.9,40.5,"9VBK",5,16.4,1,5.4,1
1997-12-17 02:00:00,-56.5,40.6,"9VBK",5,16.6,1,5.7,1
1997-12-17 03:00:00,-56.1,40.7,"9VBK",5,17.4,1,5.9,1
1997-12-19 06:00:00,-57.9,40.1,"ELUO7",5,17.4,1,11,1
1997-12-24 06:00:00,-58.6,40.6,"XCTJ",5,14,1,10,1
1997-12-24 12:00:00,-56.3,40.5,"XCTJ",5,18,1,12,1
1997-12-25 06:00:00,-57.3,40.3,"WPKD",5,16.9,1,15.6,1
1997-12-25 06:00:00,-58.1,40.1,"ELRR6",5,17.4,1,13.6,1
1997-12-26 18:00:00,-57.8,40.1,"ZCAH",5,17.4,1,16.3,1
1997-12-26 18:00:00,-57.1,40.2,"V7AZ3",5,19.5,1,17.9,1
1997-12-27 18:00:00,-57.6,40.3,"C6IZ3",5,17,1,17,1
1997-12-30 12:00:00,-57.1,40.7,"SFMN",5,20,1,17,1
1997-12-17 12:00:00,-57.3,41.2,"WPVD",5,14.6,1,13.3,1
1997-12-21 00:00:00,-59.7,41.4,"DPCO",5,20,1,7,1
1997-12-27 00:00:00,-59.2,40.8,"9HIG4",5,22.3,1,15,1
1997-12-27 00:00:00,-58,41.5,"ZCAH",5,15.5,1,13.4,1
1997-12-30 00:00:00,-57.1,41.4,"4XGT",5,22.3,1,10.8,1
1997-12-31 12:00:00,-57.6,41.4,"VJEU",5,NA,15,19,1
1997-12-25 00:00:00,-60,40.3,"ELRR6",5,23,1,14.5,1
1997-12-25 00:00:00,-59.3,40.3,"WPKD",5,16.7,1,15.6,1
1997-12-25 01:00:00,-59.3,40.3,"WPKD",5,16.7,1,15.6,1
1997-12-26 12:00:00,-58.7,40.1,"V7AZ3",5,16.5,1,20.5,1
1997-12-26 18:00:00,-59.1,40.1,"FNXB",5,21.1,1,16.2,1
1997-12-30 06:00:00,-59.2,40.2,"SFMN",5,18.5,1,17.8,1
1997-12-03 06:00:00,-55.3,41.6,"DQEX",5,12.8,1,10,1
1997-12-03 12:00:00,-55.9,41.9,"DQEX",5,15,1,10,1
1997-12-03 18:00:00,-56.2,42.3,"DQEX",5,11,1,9,1
1997-12-04 18:00:00,-57.1,41.8,"ZCAH",5,16.8,1,10.4,1
1997-12-04 18:00:00,-55.4,42.2,"V7AM9",5,11.1,1,11.5,1
1997-12-08 12:00:00,-56,41.6,"PFEZ",5,12.8,1,12.5,1
1997-12-16 18:00:00,-56.9,41.6,"OUUU",5,14.6,1,2.4,1
1997-12-19 18:00:00,-57.8,42,"3EPI6",5,16,1,6,1
1997-12-20 12:00:00,-55,41.8,"DPCO",5,10.2,1,10,1
1997-12-20 15:00:00,-56.1,41.6,"DPCO",5,9,2,9.5,1
1997-12-20 18:00:00,-57.3,41.6,"DPCO",5,13,1,7.2,1
1997-12-20 18:00:00,-55.8,41.6,"LAGK5",5,NA,15,15.5,1
1997-12-21 00:00:00,-57.2,42.1,"LAGK5",5,NA,15,6,1
1997-12-22 18:00:00,-55.7,41.9,"ZCBF",5,6,4,2.8,1
1997-12-30 06:00:00,-59,42.3,"4XGT",5,10.5,1,13,1
1997-12-30 18:00:00,-54.9,41.9,"VJEU",5,NA,15,15,1
1997-12-01 12:00:00,-50.3,47,"CGDG",5,3.4,1,3.8,1
1997-12-02 10:00:00,-52,47.4,"DGNB",5,2.5,1,3.4,1
1997-12-02 11:00:00,-52.2,47.1,"DGNB",5,3,1,3.7,1
1997-12-03 00:00:00,-51.4,46.9,"OWDQ2",5,2.7,1,6,1
1997-12-03 00:00:00,-51.1,47.3,"CGDG",5,2.5,1,4.4,1
1997-12-04 06:00:00,-51,46.2,"CGDG",5,4.8,1,4.6,1
1997-12-04 12:00:00,-50.3,47.1,"XCUY",5,2,1,2.5,1
1997-12-04 12:00:00,-51.1,46.9,"VRUN7",5,6,1,5,1
1997-12-04 18:00:00,-51.2,46.9,"OXEH2",5,4,1,4.5,1
1997-12-04 18:00:00,-50.6,47.5,"SKPE",5,2.3,1,2.2,1
1997-12-05 00:00:00,-51.1,47.2,"CGCB",5,2.3,1,3.1,1
1997-12-05 06:00:00,-51.9,46.9,"SHIP",5,4.2,1,2.4,1
1997-12-05 18:00:00,-50.9,46.7,"SFRZ",5,7,1,3,1
1997-12-08 18:00:00,-50.7,47.1,"ZCBH9",5,2.6,1,2.8,1
1997-12-10 00:00:00,-50.9,47.2,"OULL2",5,2.3,1,1,1
1997-12-11 09:00:00,-51.5,47.7,"V2XM",5,NA,15,0.8,1
1997-12-14 09:00:00,-50.8,46.4,"S6IG",5,3.4,1,0.7,1
1997-12-15 00:00:00,-51,46.8,"KRHX",5,4.6,1,1.7,1
1997-12-15 00:00:00,-51,46.9,"WPKS",5,2.5,1,3.3,1
1997-12-15 00:00:00,-50.9,46.9,"WPKS",5,2.5,1,3.3,1
1997-12-15 22:00:00,-50.4,47.2,"DEDI",5,2.1,1,-0.1,1
1997-12-15 23:00:00,-50.8,47.1,"DEDI",5,2.5,1,-0.2,1
1997-12-16 00:00:00,-51.2,47,"DEDI",5,2.5,1,-0.2,1
1997-12-16 00:00:00,-51.1,47.3,"OZFC2",5,1.4,1,-0.2,1
1997-12-16 01:00:00,-51.6,46.9,"DEDI",5,3.1,1,-0.2,1
1997-12-18 12:00:00,-51,47,"XCKX",5,1,1,4,1
1997-12-19 06:00:00,-50.3,47.1,"GBTT",5,0,1,1.5,1
1997-12-20 12:00:00,-50.7,46.8,"V7AU8",5,3,1,2,1
1997-12-21 00:00:00,-51,47.3,"KRNJ",5,6.8,1,2,1
1997-12-21 06:00:00,-50.6,46.7,"KRLZ",5,6.6,1,0,1
1997-12-22 12:00:00,-52.2,46.9,"C6IZ",5,0.5,1,-1.9,1
1997-12-23 15:00:00,-51.4,47.8,"V2XM",5,NA,15,-5,1
1997-12-23 18:00:00,-52,47.3,"V2XM",5,NA,15,-6.4,1
1997-12-24 07:00:00,-51.2,46.6,"9VBL",5,1.2,1,-3.6,1
1997-12-24 08:00:00,-50.8,46.7,"9VBL",5,1,1,-2.1,1
1997-12-24 09:00:00,-50.4,46.8,"9VBL",5,0.4,1,-2,1
1997-12-27 00:00:00,-50.4,46.8,"V7AU8",5,2,1,4.6,1
1997-12-28 18:00:00,-50.9,46.7,"C6IZ5",5,4,1,7.5,1
1997-12-31 02:00:00,-51.4,48,"S6IG",5,1.2,1,4.9,1
1997-12-31 03:00:00,-51.4,47.9,"S6IG",5,1.1,1,4,1
1997-12-31 04:00:00,-51.5,47.8,"S6IG",5,0.9,1,4.3,1
1997-12-31 05:00:00,-51.6,47.7,"S6IG",5,1.1,1,4.3,1
1997-12-31 06:00:00,-51.8,47.6,"S6IG",5,1.6,1,4.4,1
1997-12-31 07:00:00,-52,47.4,"S6IG",5,0.8,1,4.4,1
1997-12-31 18:00:00,-50.6,47.2,"ELLQ9",5,1,1,4.5,1
1997-12-01 12:00:00,-50.3,46.3,"C6JQ9",5,4,1,4.6,1
1997-12-03 00:00:00,-50.6,46,"C6JY9",5,4.4,1,5.3,1
1997-12-07 00:00:00,-50.8,46.1,"ZCCV5",5,2.5,1,4,1
1997-12-10 18:00:00,-50.2,46.1,"OUNI5",5,NA,15,3.6,1
1997-12-12 06:00:00,-50.3,46.5,"C6NB",5,4.6,1,2.5,1
1997-12-14 10:00:00,-50.4,46.4,"S6IG",5,3.5,1,0.9,1
1997-12-17 12:00:00,-50,46.8,"SKPE",5,1.4,1,-0.8,1
1997-12-23 06:00:00,-50.5,45.8,"LAOX",5,4,1,-3,1
1997-12-24 10:00:00,-50,46.8,"9VBL",5,1.3,1,-1.5,1
1997-12-24 18:00:00,-50.5,46.3,"WQVY",5,NA,15,3,1
1997-12-29 12:00:00,-50.7,46.1,"VRVH9",5,3,1,-1.5,1
1997-12-30 00:00:00,-50.3,46.3,"LAFQ5",5,1.9,1,0.3,1
1997-12-04 06:00:00,-50.3,47.5,"VCTM",5,6.3,1,0,1
1997-12-11 12:00:00,-50.8,48.2,"V2XM",5,NA,15,0.5,1
1997-12-14 18:00:00,-50.1,47.4,"C6JQ",5,17,7,1.7,1
1997-12-15 21:00:00,-50,47.4,"DEDI",5,1.8,1,-0.3,1
1997-12-20 06:00:00,-50.2,47.4,"V7AU8",5,1.8,1,-1.3,1
1997-12-22 06:00:00,-50.7,47.8,"C6IZ5",5,5,1,-2,1
1997-12-22 18:00:00,-50.2,48,"OUSH2",5,0.6,1,NA,15
1997-12-23 09:00:00,-50,48.8,"V2XM",5,NA,15,-4.6,1
1997-12-23 12:00:00,-50.7,48.3,"V2XM",5,NA,15,-4.8,1
1997-12-30 17:00:00,-50,49.1,"S6IG",5,2.4,1,-0.2,1
1997-12-30 18:00:00,-50.2,49,"S6IG",5,1,1,0,1
1997-12-30 19:00:00,-50.4,48.8,"S6IG",5,1.1,1,0.7,1
1997-12-30 20:00:00,-50.6,48.7,"S6IG",5,1,1,0.8,1
1997-12-30 21:00:00,-50.8,48.5,"S6IG",5,0.9,1,1.8,1
1997-12-30 22:00:00,-51,48.4,"S6IG",5,0.7,1,3.2,1
1997-12-30 23:00:00,-51.1,48.3,"S6IG",5,0.4,1,3.8,1
1997-12-31 00:00:00,-51.2,48.2,"S6IG",5,0.4,1,4.4,1
1997-12-31 01:00:00,-51.3,48.1,"S6IG",5,0.6,1,5.5,1
1997-12-01 06:00:00,-52.2,46.2,"C6JQ9",5,NA,15,4.8,1
1997-12-02 13:00:00,-52.7,46.5,"DGNB",5,3.5,1,5.8,1
1997-12-04 12:00:00,-52.3,46.1,"CGDG",5,4.5,1,4.2,1
1997-12-04 18:00:00,-52.5,46.5,"XCUY",5,NA,15,3,1
1997-12-04 18:00:00,-52.4,46.4,"ZCBE6",5,4.5,1,3.8,1
1997-12-05 00:00:00,-52.3,46.4,"SHIP",5,4.4,1,3.4,1
1997-12-05 06:00:00,-51.7,46.6,"SFMN",5,NA,15,3.6,1
1997-12-05 18:00:00,-52.2,46,"9VBB",5,4.6,1,5,1
1997-12-06 12:00:00,-51,45,"3ENQ9",5,4,1,4.5,1
1997-12-07 06:00:00,-52.3,46.2,"ZCCV5",5,4,1,4.5,1
1997-12-07 18:00:00,-52.5,46.6,"WPVD",5,6.3,1,5.5,1
1997-12-08 18:00:00,-52,46.2,"C6JY9",5,4.9,1,4.6,1
1997-12-09 00:00:00,-52.6,46.4,"ZCBH9",5,1,1,2.5,1
1997-12-09 18:00:00,-50.8,45.7,"OUSH2",5,4.6,1,2.8,1
1997-12-12 12:00:00,-51.3,45.5,"C6NB7",5,4.5,1,3,1
1997-12-14 05:00:00,-52.7,46.3,"S6IG",5,3.3,1,0.2,1
1997-12-14 06:00:00,-52.2,46.3,"S6IG",5,4.9,1,0.5,1
1997-12-14 06:00:00,-51.8,46.3,"S6IG",5,4.3,1,8.3,1
1997-12-14 07:00:00,-51.7,46.3,"S6IG",5,4.8,1,0.7,1
1997-12-14 08:00:00,-51.3,46.3,"S6IG",5,4.2,1,0.8,1
1997-12-15 00:00:00,-51.5,46.4,"C6JQ9",5,NA,15,2,1
1997-12-16 02:00:00,-51.9,46.8,"DEDI",5,2.2,1,-0.5,1
1997-12-16 03:00:00,-52.3,46.6,"DEDI",5,2.9,1,-1.2,1
1997-12-16 04:00:00,-52.6,46.5,"DEDI",5,3.4,1,-2,1
1997-12-18 18:00:00,-51.8,46.3,"SLCI",5,3.4,1,3,1
1997-12-20 00:00:00,-52,45.9,"SLCO",5,4.3,1,2.5,1
1997-12-21 18:00:00,-50.3,45.4,"LAFQ5",5,2.2,1,1.5,1
1997-12-22 00:00:00,-51.9,45.7,"LAFQ5",5,NA,15,0.1,1
1997-12-24 04:00:00,-52.5,46.4,"9VBL",5,1.7,1,-6.6,1
1997-12-24 05:00:00,-52.1,46.5,"9VBL",5,1.6,1,-5.3,1
1997-12-24 06:00:00,-51.7,46.5,"9VBL",5,1.1,1,-3.7,1
1997-12-24 12:00:00,-51,46,"C6MS4",5,-0.7,1,-1.9,1
1997-12-24 18:00:00,-52.3,46.1,"OUJH2",5,2.9,1,-1.5,1
1997-12-26 18:00:00,-52.1,46.4,"V7AU8",5,4.5,1,4.8,1
1997-12-26 18:00:00,-51.9,46.7,"SKUN",5,1.8,1,3.8,1
1997-12-29 18:00:00,-52.2,46.3,"LAFQ5",5,2.9,1,-2.5,1
1997-12-31 00:00:00,-51.4,46,"OWEB2",5,1.2,1,8.7,1
1997-12-03 00:00:00,-52.2,45,"OZFC2",5,4.6,1,6.8,1
1997-12-03 06:00:00,-52.6,46.1,"C6JY9",5,4.2,1,5.6,1
1997-12-04 12:00:00,-52.7,46.1,"SHIP",5,3.9,1,2.8,1
1997-12-04 18:00:00,-52.7,46.1,"SHIP",5,7.8,1,3,1
1997-12-15 06:00:00,-52.8,46.2,"WPKS",5,2.6,1,2.8,1
1997-12-18 18:00:00,-53.2,45.9,"XCKX",5,3,1,3,1
1997-12-25 00:00:00,-52.7,45.5,"WQVY",5,NA,15,2,1
1997-12-01 00:00:00,-50.5,44.1,"UCAB",5,4,1,4.5,1
1997-12-03 18:00:00,-50.5,44.4,"4XGT",5,6.4,1,7,1
1997-12-05 06:00:00,-51.5,44.9,"WQVY",5,NA,15,5.5,1
1997-12-06 06:00:00,-50,44,"SHIP",5,5.3,1,4.3,1
1997-12-15 18:00:00,-50,44.7,"4XFB",5,5,1,3,1
1997-12-30 00:00:00,-50.7,44.4,"KRPB",5,0,1,1.7,1
1997-12-02 06:00:00,-50.3,43.2,"KRPB",5,3.5,1,11.1,1
1997-12-31 12:00:00,-51.4,43.7,"3EPI6",5,5,1,10.5,1
1997-12-11 06:00:00,-50.6,40.1,"ELUU",5,10,1,7,1
1997-12-13 12:00:00,-50.5,40.1,"3EGS6",5,7,2,10,1
1997-12-19 06:00:00,-50,40,"WGMJ",5,18.9,1,15.6,1
1997-12-23 06:00:00,-50.4,40.1,"ZCBF5",5,15.5,1,6.8,1
1997-12-04 06:00:00,-54.3,40.7,"KRLZ",5,16.1,1,9,1
1997-12-06 00:00:00,-55.3,40.4,"P3DM3",5,18,1,17,1
1997-12-23 06:00:00,-54.6,40.2,"ZCBH9",5,17.6,1,4.6,1
1997-12-27 00:00:00,-55.5,40.2,"V7AZ3",5,19.5,1,19,1
1997-12-28 06:00:00,-53.8,40.7,"C6IZ3",5,13.6,1,16,1
1997-12-29 18:00:00,-55.2,40.6,"4XGT",5,20.6,1,11,1
1997-12-31 18:00:00,-54.8,40.2,"KALZ",5,20,1,17,1
1997-12-02 12:00:00,-51.2,40.2,"DQEX",5,17.5,1,19,1
1997-12-05 00:00:00,-51.1,40.5,"KRNJ",5,19,1,17.5,1
1997-12-19 18:00:00,-51.7,40.7,"WPWH",5,16.2,1,8.9,1
1997-12-20 06:00:00,-50.8,40.9,"ELUO7",5,19.8,1,8,1
1997-12-23 18:00:00,-51.7,40.9,"ZCBH9",5,16.2,1,2.8,1
1997-12-26 00:00:00,-51.7,40.5,"WPKD",5,19.1,1,16.1,1
1997-12-26 01:00:00,-51.7,40.5,"WPKD",5,19.1,1,16.1,1
1997-12-27 18:00:00,-50.6,40.3,"V7AZ3",5,19.2,1,17.4,1
1997-12-29 00:00:00,-51.2,41.4,"V2AJ",5,NA,15,18.8,1
1997-12-04 06:00:00,-52.4,41.4,"DEAZ",5,17,1,9.8,1
1997-12-09 09:00:00,-52.7,41.7,"FNXB",5,9.8,1,6.6,1
1997-12-11 06:00:00,-52.9,42,"ZCBF2",5,10.4,1,9.5,1
1997-12-11 12:00:00,-52,42,"KRPB",5,10,1,10.6,1
1997-12-17 11:00:00,-52.7,41.6,"9VBK",5,16.8,1,7.9,1
1997-12-17 12:00:00,-52.3,41.7,"9VBK",5,17.1,1,6.9,1
1997-12-17 13:00:00,-51.9,41.7,"9VBK",5,16.8,1,5.4,1
1997-12-18 00:00:00,-52.4,41.8,"WPVD",5,18.7,1,14,1
1997-12-20 06:00:00,-52.3,42,"DPCO",5,17.2,1,7.1,1
1997-12-21 06:00:00,-51.6,41.7,"WGLA",5,15.6,1,7.2,1
1997-12-25 00:00:00,-52.4,41.3,"XCTJ",5,16,1,13,1
1997-12-25 18:00:00,-51.6,41.8,"JGPN",5,19,1,12,1
1997-12-28 12:00:00,-51.9,40.8,"C6IZ3",5,19,1,18.4,1
1997-12-29 06:00:00,-51.9,41.5,"V2AJ5",5,NA,15,16.4,1
1997-12-29 12:00:00,-52.7,41.7,"V2AJ",5,36,7,6.7,1
1997-12-31 00:00:00,-52.5,41.6,"SFMN",5,14,1,17,1
1997-12-02 18:00:00,-52.5,40.5,"DQEX",5,17.8,1,17,1
1997-12-19 12:00:00,-53.7,40.2,"WPWH",5,16.3,1,9.4,1
1997-12-20 06:00:00,-52.9,40.6,"LAGK5",5,NA,15,8,1
1997-12-21 12:00:00,-53.4,40.5,"WGLA",5,15.6,1,7.8,1
1997-12-23 12:00:00,-53.2,40.6,"ZCBH9",5,15,1,3,1
1997-12-25 18:00:00,-53.5,40.2,"WPKD",5,16.5,1,12.8,1
1997-12-27 06:00:00,-53.8,40.2,"V7AZ3",5,17,1,16.2,1
1997-12-31 06:00:00,-52.7,40.7,"XCUY",5,17,1,16,1
1997-12-04 00:00:00,-50.6,41.5,"DEAZ",5,16,1,12.5,1
1997-12-04 06:00:00,-51.1,41.8,"V7AM9",5,14,1,10,1
1997-12-04 06:00:00,-50.5,42,"ZCBF6",5,6.8,1,6.5,1
1997-12-04 18:00:00,-50,42,"KRLZ",5,9,1,6.5,1
1997-12-07 06:00:00,-51.5,41.8,"LAGI",5,-5,6,12.5,1
1997-12-09 12:00:00,-51.5,41.8,"FNXB",5,8.3,1,4.8,1
1997-12-09 12:00:00,-50.4,41.4,"XCMG",5,NA,15,9,1
1997-12-11 00:00:00,-51,41.9,"ZCBF5",5,15,1,10,1
1997-12-11 12:00:00,-50.2,41.3,"ZCBF2",5,15.5,1,12.6,1
1997-12-14 12:00:00,-51.3,41.9,"C6OX2",5,1,6,8.8,1
1997-12-17 14:00:00,-51.4,41.8,"9VBK",5,6.9,2,3.1,1
1997-12-17 15:00:00,-51,41.9,"9VBK",5,3.8,4,2.7,1
1997-12-18 03:00:00,-51.1,41.9,"WPVD",5,10,1,13.5,1
1997-12-22 06:00:00,-50.3,41,"9VPK",5,19.5,1,5,1
1997-12-25 06:00:00,-51.5,41.8,"XCTJ",5,16,1,10,1
1997-12-28 18:00:00,-50.4,41.4,"V2AJ5",5,NA,15,18.8,1
1997-12-30 12:00:00,-50.1,40.8,"KRPP",5,0,6,12.5,1
1997-12-31 12:00:00,-50.6,41.6,"XCUY",5,16,1,17,1
1997-12-05 06:00:00,-51.9,43.6,"SHIP",5,5.7,1,5.8,1
1997-12-06 18:00:00,-52.8,43.5,"ELOC8",5,5,1,6,1
1997-12-12 18:00:00,-52.4,44.6,"C6NB7",5,2.2,1,1.1,1
1997-12-28 00:00:00,-53.1,43.6,"3EFX5",5,10,1,6,1
1997-12-30 12:00:00,-51.7,44,"4XFP",5,6,1,6,1
1997-12-16 06:00:00,-50.2,41.7,"ZCBE",5,12,1,1.2,2
1997-12-17 16:00:00,-50.6,42,"9VBK",5,4,1,2.6,1
1997-12-17 17:00:00,-50.1,42.1,"9VBK",5,3.8,1,2.4,1
1997-12-20 00:00:00,-50,42.2,"DPCO",5,13,1,2,1
1997-12-31 06:00:00,-50.4,41.9,"SFMN",5,4,4,13.1,1
1997-12-03 00:00:00,-54.3,41.2,"DQEX",5,13,1,12.5,1
1997-12-09 06:00:00,-54,41.7,"FNXB",5,15.2,1,6.7,1
1997-12-09 06:00:00,-53.3,40.8,"XCMG",5,NA,15,9,1
1997-12-11 06:00:00,-54,41.2,"KRPB",5,19.4,1,14.5,1
1997-12-17 05:00:00,-55.2,40.9,"9VBK",5,17.6,1,7.3,1
1997-12-17 06:00:00,-54.7,41,"9VBK",5,16.8,1,7.6,1
1997-12-17 07:00:00,-54.3,41.2,"9VBK",5,13,1,6.1,1
1997-12-17 08:00:00,-53.9,41.3,"9VBK",5,14.3,1,6.2,1
1997-12-17 09:00:00,-53.5,41.4,"9VBK",5,13.7,1,6,1
1997-12-17 10:00:00,-53.1,41.5,"9VBK",5,15.4,1,7,1
1997-12-17 18:00:00,-54.8,41.5,"WPVD",5,13.5,1,14,1
1997-12-17 19:00:00,-54.8,41.5,"WPVD",5,13.5,1,14,1
1997-12-17 21:00:00,-53.6,41.6,"WPVD",5,14.4,1,14.4,1
1997-12-20 12:00:00,-54.2,41.1,"LAGK5",5,NA,15,10.5,1
1997-12-24 18:00:00,-54.3,40.8,"XCTJ",5,8,2,10,1
1997-12-29 18:00:00,-53.8,41.9,"V2AJ5",5,NA,15,18.8,1
1997-12-30 18:00:00,-55,41,"SFMN",5,13,1,16.9,1
1997-12-02 12:00:00,-53.6,43,"XCKX",5,8,1,14.5,1
1997-12-02 12:00:00,-53.5,42.8,"3EGS6",5,6,1,10,1
1997-12-02 12:00:00,-52.6,43,"KRPB",5,2.8,1,11.7,1
1997-12-04 00:00:00,-53.5,42.8,"4XFO",5,11,1,8,1
1997-12-04 00:00:00,-53.4,42.5,"ZCBF6",5,10.9,1,7.8,1
1997-12-04 12:00:00,-53.2,42.1,"V7AM9",5,7,1,8,1
1997-12-04 12:00:00,-52.1,42.8,"9HPE5",5,6,1,5,1
1997-12-08 06:00:00,-52.6,42.9,"4XGS",5,10.7,1,9,1
1997-12-10 06:00:00,-54.2,42.6,"8POG",5,8,1,7.5,1
1997-12-10 12:00:00,-53.9,42.9,"ELUU",5,10,1,8,1
1997-12-13 18:00:00,-52.1,43,"DLBB",5,3.3,1,2.6,1
1997-12-14 06:00:00,-53.8,42.3,"C6OX2",5,0.2,2,0.4,1
1997-12-15 12:00:00,-52.7,42.9,"VRUN7",5,9,1,3,1
1997-12-16 00:00:00,-53.1,42.2,"ZCBE6",5,5,1,-2,1
1997-12-17 18:00:00,-52.4,43.2,"V7AZ8",5,3,1,5.6,1
1997-12-18 12:00:00,-53.2,42.7,"4XGU",5,5.5,1,9,1
1997-12-22 18:00:00,-52.7,43,"9VPK",5,4,1,3.3,1
1997-12-25 18:00:00,-53.1,43.2,"4XGV",5,3.6,1,3.5,1
1997-12-27 12:00:00,-53.9,42.2,"9HIG4",5,12.7,1,12,1
1997-12-24 00:00:00,-50,41.2,"ZCBH9",5,16.5,1,0,2
1997-12-28 18:00:00,-50,40.9,"C6IZ3",5,18,1,19.4,1
1997-12-02 18:00:00,-51.1,43.6,"XCKX",5,5,1,15,1
1997-12-03 18:00:00,-51.9,42.5,"4XFB",5,8,1,7,1
1997-12-04 06:00:00,-50.8,42.1,"9HPE5",5,18,3,13,1
1997-12-07 18:00:00,-50.6,42.5,"PFEZ",5,13.8,1,9.6,1
1997-12-08 12:00:00,-50.1,42.6,"4XGS",5,4.1,1,7,1
1997-12-10 12:00:00,-51.9,42.5,"8POG",5,8,1,8,1
1997-12-17 06:00:00,-51.3,43.3,"OUUU2",5,6,1,2.3,1
1997-12-20 03:00:00,-51.1,42.1,"DPCO",5,13.9,1,2.5,1
1997-12-22 06:00:00,-51.9,42.1,"4XFE",5,17,1,2,1
1997-12-25 12:00:00,-50.7,42.9,"4XGV",5,2.8,1,4,1
1997-12-27 18:00:00,-51.1,42.7,"9HIG4",5,5.3,1,11.5,1
1997-12-24 00:00:00,-51.6,40.3,"C6KU8",5,14,1,6.5,1
1997-12-27 12:00:00,-52.1,40.2,"V7AZ3",5,18,1,16.5,1
1997-12-04 02:15:00,-52.58,47.53,"18 128286",12,3,1,NA,15
1997-12-04 03:48:00,-54.6,44.58,"99      0",12,3.7,1,NA,15
1997-12-04 20:00:00,-54.42,44.93,"99      0",12,5.2,1,NA,15
1997-12-09 13:33:00,-50.05,49.2,"18 128285",12,2.1,1,NA,15
1997-12-14 06:31:00,-51.33,48.2,"18 128286",12,1.2,1,NA,15
1997-12-14 10:01:00,-50.73,48.27,"18 128286",12,1.1,1,NA,15
1997-12-15 18:51:00,-51.78,48.62,"18 128286",12,0.5,1,NA,15
1997-12-16 03:35:00,-52.58,47.53,"18 128286",12,2.5,1,NA,15
1997-12-18 23:08:00,-55.18,49.78,"18 128286",12,0.9,1,NA,15
1997-12-01 13:30:00,-55.9,47.42,"18  13027",17,4.9,1,NA,15
1997-12-03 10:50:00,-55.81,47.43,"18  13027",17,5,1,NA,15
1997-12-04 10:47:00,-55.73,47.44,"18  13027",17,4.9,1,NA,15
1997-12-05 09:30:00,-52.59,47.55,"18  14550",17,3.4,1,0,1
1997-12-06 04:04:00,-59.99,47.1,"18  14553",17,3,1,NA,15
1997-12-06 06:20:00,-59.78,47.27,"18  14553",17,2.8,1,NA,15
1997-12-06 08:33:00,-59.56,47.43,"18  14553",17,4.6,1,NA,15
1997-12-06 10:15:00,-55.85,47.38,"18  13027",17,4.7,1,NA,15
1997-12-06 11:38:00,-59.34,47.59,"18  14553",17,4.6,1,NA,15
1997-12-07 02:47:00,-57.07,45.82,"18  14553",17,4,1,NA,15
1997-12-07 04:17:00,-56.88,45.91,"18  14553",17,4.4,1,NA,15
1997-12-07 05:38:00,-56.71,46.01,"18  14553",17,4.1,1,NA,15
1997-12-07 10:41:00,-55.83,45.56,"18  14553",17,4.8,1,NA,15
1997-12-07 12:14:00,-55.6,45.56,"18  14553",17,4.4,1,NA,15
1997-12-07 13:21:00,-55.4,45.56,"18  14553",17,3.5,1,NA,15
1997-12-07 14:32:00,-55.26,45.56,"18  14553",17,3.6,1,NA,15
1997-12-07 15:46:00,-55.05,45.56,"18  14553",17,3.6,1,NA,15
1997-12-07 17:12:00,-54.88,45.56,"18  14553",17,4,1,NA,15
1997-12-07 18:31:00,-54.64,45.56,"18  14553",17,3.3,1,NA,15
1997-12-07 20:05:00,-54.4,45.56,"18  14553",17,2.1,1,NA,15
1997-12-07 20:52:00,-54.3,45.51,"18  14553",17,2.2,1,NA,15
1997-12-07 21:40:00,-54.24,45.48,"18  14553",17,2.4,1,NA,15
1997-12-07 22:48:00,-54.13,45.38,"18  14553",17,2.5,1,NA,15
1997-12-07 23:52:00,-54.04,45.33,"18  14553",17,2.6,1,NA,15
1997-12-08 01:05:00,-53.88,45.21,"18  14553",17,4.1,1,NA,15
1997-12-08 02:33:00,-53.7,45.09,"18  14553",17,4.5,1,NA,15
1997-12-08 03:49:00,-53.87,44.97,"18  14553",17,4.6,1,NA,15
1997-12-08 05:44:00,-54.1,44.8,"18  14553",17,4.8,1,NA,15
1997-12-08 06:35:00,-54.13,44.78,"18  14553",17,4.8,1,NA,15
1997-12-08 07:53:00,-54.2,44.73,"18  14553",17,4.9,1,NA,15
1997-12-08 09:19:00,-54.26,44.68,"18  14553",17,5,1,NA,15
1997-12-08 11:15:00,-55.74,47.38,"18  13027",17,4.7,1,NA,15
1997-12-09 10:45:00,-55.81,47.43,"18  13027",17,4.6,1,NA,15
1997-12-09 22:06:00,-55.83,44.84,"18  14553",17,4.1,1,NA,15
1997-12-09 23:37:00,-55.83,44.77,"18  14553",17,4,1,NA,15
1997-12-10 01:43:00,-55.83,44.88,"18  14553",17,3.4,1,NA,15
1997-12-10 02:50:00,-55.83,44.91,"18  14553",17,3.3,1,NA,15
1997-12-10 04:21:00,-55.83,45.06,"18  14553",17,3.5,1,NA,15
1997-12-10 05:33:00,-55.83,45.23,"18  14553",17,3.3,1,NA,15
1997-12-10 06:53:00,-55.83,45.39,"18  14553",17,4.6,1,NA,15
1997-12-11 10:20:00,-57.58,45.07,"18  14553",17,4.1,1,NA,15
1997-12-11 18:34:00,-58.51,44.47,"18  14553",17,3.9,1,NA,15
1997-12-12 02:04:00,-59.18,45.16,"18  14553",17,3.9,1,NA,15
1997-12-12 05:13:00,-59.52,45.49,"18  14553",17,3.7,1,NA,15
1997-12-12 06:56:00,-59.7,45.66,"18  14553",17,3,1,NA,15
1997-12-12 08:27:00,-59.85,45.82,"18  14553",17,3.9,1,NA,15
1997-12-12 14:07:00,-55.85,47.38,"18  13027",17,4.1,1,NA,15
1997-12-13 21:20:00,-52.59,47.55,"18  14554",17,2.2,1,0,1
1997-12-15 10:45:00,-55.83,47.42,"18  13027",17,4.2,1,NA,15
1997-12-18 13:06:00,-56.01,47.43,"18  13027",17,3.9,1,NA,15
1997-12-20 09:54:00,-52.59,47.55,"18  14550",17,1.6,1,-0.4,1
1997-12-20 17:45:00,-52.59,47.55,"18  14554",17,1.8,1,-2,1
1997-12-01 21:36:00,-50.86,42.29,"15819",18,3.2,1,NA,15
1997-12-05 04:48:00,-58.96,42.35,"31  17168",18,9.8,1,NA,15
1997-12-06 00:00:00,-58.78,46.85,"31  17209",18,4.4,1,NA,15
1997-12-07 07:12:00,-52.84,43.05,"31  17201",18,5,1,NA,15
1997-12-15 07:12:00,-59.7,42.74,"31  17168",18,9.4,1,NA,15
1997-12-16 00:00:00,-58.51,46.38,"31  17209",18,3.6,1,NA,15
1997-12-17 09:36:00,-50.88,42.01,"31  17201",18,3.5,1,NA,15
1997-12-25 07:12:00,-59.99,42.44,"31  17168",18,8.2,1,NA,15
1997-12-26 02:24:00,-59.15,45.73,"15854",18,2.8,1,NA,15
1997-12-30 20:00:00,-59.9,41.8,"44137",6,16.3,1,NA,15
1997-12-29 20:00:00,-59.9,41.8,"44137",6,16.3,1,NA,15
1997-12-27 20:00:00,-59.9,41.8,"44137",6,16.3,1,NA,15
1997-12-14 22:00:00,-59.9,41.8,"44137",6,16.2,1,NA,15
1997-12-23 20:00:00,-59.9,41.8,"44137",6,16.3,1,NA,15
1997-12-16 19:00:00,-59.9,41.8,"44137",6,16.4,1,NA,15
1997-12-03 22:00:00,-59.9,41.8,"44137",6,16.2,1,NA,15
1997-12-28 20:00:00,-59.9,41.8,"44137",6,16.3,1,NA,15
1997-12-02 22:00:00,-59.9,41.8,"44137",6,16.2,1,NA,15
1997-12-04 22:00:00,-59.9,41.8,"44137",6,16.2,1,NA,15
1997-12-10 22:00:00,-59.9,41.8,"44137",6,16.2,1,NA,15
1997-12-24 20:00:00,-59.9,41.8,"44137",6,16.3,1,NA,15
1997-12-15 22:00:00,-59.9,41.8,"44137",6,16.2,1,NA,15
1997-12-21 20:00:00,-59.9,41.8,"44137",6,16.3,1,NA,15
1997-12-11 22:00:00,-59.9,41.8,"44137",6,16.2,1,NA,15
1997-12-26 20:00:00,-59.9,41.8,"44137",6,16.3,1,NA,15
1997-12-13 22:00:00,-59.9,41.8,"44137",6,16.2,1,NA,15
1997-12-01 22:00:00,-59.9,41.8,"44137",6,16.2,1,NA,15
1997-12-20 20:00:00,-59.9,41.8,"44137",6,16.3,1,NA,15
1997-12-25 20:00:00,-59.9,41.8,"44137",6,16.3,1,NA,15
1997-12-16 18:00:00,-59.9,41.8,"44137",6,19.1,1,NA,15
1997-12-30 07:00:00,-53.6,44.3,"44138",6,3,1,3,1
1997-12-31 20:00:00,-53.6,44.3,"44138",6,3.9,1,5.8,1
1997-12-30 05:00:00,-53.6,44.3,"44138",6,3.3,1,2.6,1
1997-12-30 20:00:00,-53.6,44.3,"44138",6,3.9,1,9,1
1997-12-29 19:00:00,-53.6,44.3,"44138",6,3.6,1,1.3,1
1997-12-31 08:00:00,-53.6,44.3,"44138",6,3.8,1,5.6,1
1997-12-30 09:00:00,-53.6,44.3,"44138",6,3.3,1,3.4,1
1997-12-31 18:00:00,-53.6,44.3,"44138",6,3.9,1,6.8,1
1997-12-31 12:00:00,-53.6,44.3,"44138",6,3.8,1,5,1
1997-12-30 10:00:00,-53.6,44.3,"44138",6,3.4,1,3.6,1
1997-12-30 18:00:00,-53.6,44.3,"44138",6,3.9,1,8,1
1997-12-31 07:00:00,-53.6,44.3,"44138",6,3.8,1,9,1
1997-12-29 17:00:00,-53.6,44.3,"44138",6,3.6,1,0.8,1
1997-12-29 15:00:00,-53.6,44.3,"44138",6,3.7,1,0.8,1
1997-12-29 22:00:00,-53.6,44.3,"44138",6,3.4,1,1.4,1
1997-12-31 05:00:00,-53.6,44.3,"44138",6,4,1,9,1
1997-12-30 17:00:00,-53.6,44.3,"44138",6,3.9,1,6.6,1
1997-12-31 10:00:00,-53.6,44.3,"44138",6,3.8,1,4.4,1
1997-12-30 22:00:00,-53.6,44.3,"44138",6,4,1,9.8,1
1997-12-30 12:00:00,-53.6,44.3,"44138",6,3.6,1,4,1
1997-12-31 17:00:00,-53.6,44.3,"44138",6,3.8,1,7.3,1
1997-12-29 20:00:00,-53.6,44.3,"44138",6,3.4,1,1.3,1
1997-12-08 08:00:00,-53.6,44.3,"44138",6,6.1,1,6.3,1
1997-12-14 23:00:00,-53.6,44.3,"44138",6,5.5,1,4,1
1997-12-17 19:00:00,-53.6,44.3,"44138",6,5,1,5,1
1997-12-24 09:00:00,-53.6,44.3,"44138",6,4.1,1,-1,1
1997-12-26 17:00:00,-53.6,44.3,"44138",6,4.4,1,6.6,1
1997-12-08 12:00:00,-53.6,44.3,"44138",6,5.9,1,6.3,1
1997-12-25 12:00:00,-53.6,44.3,"44138",6,4.3,1,3.3,1
1997-12-26 08:00:00,-53.6,44.3,"44138",6,4.3,1,4.4,1
1997-12-12 22:00:00,-53.6,44.3,"44138",6,5.4,1,1.6,1
1997-12-03 17:00:00,-53.6,44.3,"44138",6,6.5,1,6.4,1
1997-12-27 20:00:00,-53.6,44.3,"44138",6,4.4,1,5,1
1997-12-20 12:00:00,-53.6,44.3,"44138",6,5.3,1,4.8,1
1997-12-15 11:00:00,-53.6,44.3,"44138",6,5.4,1,3.3,1
1997-12-11 05:00:00,-53.6,44.3,"44138",6,6.4,1,4.8,1
1997-12-17 06:00:00,-53.6,44.3,"44138",6,4.8,1,1.3,1
1997-12-13 07:00:00,-53.6,44.3,"44138",6,5.3,1,1.8,1
1997-12-28 10:00:00,-53.6,44.3,"44138",6,4.4,1,7,1
1997-12-04 10:00:00,-53.6,44.3,"44138",6,6.1,1,5.8,1
1997-12-02 11:00:00,-53.6,44.3,"44138",6,7.3,1,10.6,1
1997-12-28 19:00:00,-53.6,44.3,"44138",6,4.2,1,10.4,1
1997-12-22 10:00:00,-53.6,44.3,"44138",6,4.1,1,1,1
1997-12-28 23:00:00,-53.6,44.3,"44138",6,4.1,1,10.6,1
1997-12-21 18:00:00,-53.6,44.3,"44138",6,4.6,1,0.8,1
1997-12-18 23:00:00,-53.6,44.3,"44138",6,5,1,3.3,1
1997-12-04 21:00:00,-53.6,44.3,"44138",6,5.9,1,5.4,1
1997-12-05 13:00:00,-53.6,44.3,"44138",6,NA,15,NA,15
1997-12-24 05:00:00,-53.6,44.3,"44138",6,4.1,1,-1.6,1
1997-12-11 20:00:00,-53.6,44.3,"44138",6,6,1,2.8,1
1997-12-20 21:00:00,-53.6,44.3,"44138",6,5.3,1,2.6,1
1997-12-23 11:00:00,-53.6,44.3,"44138",6,4.2,1,-4.6,2
1997-12-18 15:00:00,-53.6,44.3,"44138",6,5,1,NA,15
1997-12-16 10:00:00,-53.6,44.3,"44138",6,5,1,-1.6,1
1997-12-05 05:00:00,-53.6,44.3,"44138",6,5.9,1,5.6,1
1997-12-15 16:00:00,-53.6,44.3,"44138",6,5.4,1,-0.6,1
1997-12-18 19:00:00,-53.6,44.3,"44138",6,5,1,4,1
1997-12-05 18:00:00,-53.6,44.3,"44138",6,5.9,1,4.4,1
1997-12-12 18:00:00,-53.6,44.3,"44138",6,5.5,1,0.8,1
1997-12-12 05:00:00,-53.6,44.3,"44138",6,6.2,1,3.3,1
1997-12-25 08:00:00,-53.6,44.3,"44138",6,4.1,1,2.6,1
1997-12-01 13:00:00,-53.6,44.3,"44138",6,5.5,1,4.8,1
1997-12-16 19:00:00,-53.6,44.3,"44138",6,4.9,1,0,1
1997-12-27 07:00:00,-53.6,44.3,"44138",6,4.4,1,5.3,1
1997-12-27 16:00:00,-53.6,44.3,"44138",6,4.4,1,5.4,1
1997-12-13 16:00:00,-53.6,44.3,"44138",6,5.3,1,2.3,1
1997-12-26 22:00:00,-53.6,44.3,"44138",6,4.5,1,5.4,1
1997-12-06 19:00:00,-53.6,44.3,"44138",6,6.4,1,8.3,1
1997-12-27 12:00:00,-53.6,44.3,"44138",6,4.2,1,6,1
1997-12-09 23:00:00,-53.6,44.3,"44138",6,6.6,1,4.4,1
1997-12-09 10:00:00,-53.6,44.3,"44138",6,6.8,1,4.3,1
1997-12-18 09:00:00,-53.6,44.3,"44138",6,5,1,6.6,1
1997-12-07 20:00:00,-53.6,44.3,"44138",6,5.9,1,6.6,1
1997-12-22 05:00:00,-53.6,44.3,"44138",6,4.1,1,1.3,1
1997-12-07 12:00:00,-53.6,44.3,"44138",6,6.4,1,10.3,1
1997-12-13 12:00:00,-53.6,44.3,"44138",6,5.3,1,2.3,1
1997-12-01 06:00:00,-53.6,44.3,"44138",6,5.9,1,5.4,1
1997-12-01 17:00:00,-53.6,44.3,"44138",6,5.7,1,5.6,1
1997-12-10 21:00:00,-53.6,44.3,"44138",6,6.7,1,4.8,1
1997-12-25 22:00:00,-53.6,44.3,"44138",6,4.2,1,3,1
1997-12-19 21:00:00,-53.6,44.3,"44138",6,4.7,1,1,1
1997-12-03 22:00:00,-53.6,44.3,"44138",6,6.6,1,6,1
1997-12-07 16:00:00,-53.6,44.3,"44138",6,6.2,1,6,1
1997-12-24 19:00:00,-53.6,44.3,"44138",6,4.1,1,2.3,1
1997-12-14 18:00:00,-53.6,44.3,"44138",6,5.5,1,4.6,1
1997-12-13 20:00:00,-53.6,44.3,"44138",6,5.7,1,2,1
1997-12-05 08:00:00,-53.6,44.3,"44138",6,5.9,1,5,1
1997-12-06 11:00:00,-53.6,44.3,"44138",6,6.3,1,4.3,1
1997-12-17 20:00:00,-53.6,44.3,"44138",6,5,1,5.4,1
1997-12-16 06:00:00,-53.6,44.3,"44138",6,5.1,1,-1.3,1
1997-12-05 19:00:00,-53.6,44.3,"44138",6,5.9,1,4.6,1
1997-12-07 08:00:00,-53.6,44.3,"44138",6,6.3,1,6.6,1
1997-12-09 19:00:00,-53.6,44.3,"44138",6,6.5,1,4.3,1
1997-12-09 09:00:00,-53.6,44.3,"44138",6,6.8,1,3.8,1
1997-12-15 21:00:00,-53.6,44.3,"44138",6,5.3,1,0,1
1997-12-14 05:00:00,-53.6,44.3,"44138",6,5.8,1,3.4,1
1997-12-27 21:00:00,-53.6,44.3,"44138",6,4.4,1,4.8,1
1997-12-26 09:00:00,-53.6,44.3,"44138",6,4.3,1,4.6,1
1997-12-29 05:00:00,-53.6,44.3,"44138",6,4,1,3.3,1
1997-12-23 07:00:00,-53.6,44.3,"44138",6,4,1,-3.3,1
1997-12-28 06:00:00,-53.6,44.3,"44138",6,4.3,1,5,1
1997-12-23 16:00:00,-53.6,44.3,"44138",6,4.1,1,-6.6,2
1997-12-19 17:00:00,-53.6,44.3,"44138",6,4.6,1,0.8,1
1997-12-20 15:00:00,-53.6,44.3,"44138",6,5.4,1,4.8,1
1997-12-13 08:00:00,-53.6,44.3,"44138",6,5.4,1,1.8,1
1997-12-28 11:00:00,-53.6,44.3,"44138",6,4.3,1,9.3,1
1997-12-09 06:00:00,-53.6,44.3,"44138",6,6.7,1,2.4,1
1997-12-02 18:00:00,-53.6,44.3,"44138",6,6.9,1,9,1
1997-12-21 10:00:00,-53.6,44.3,"44138",6,4.6,1,1.3,1
1997-12-03 18:00:00,-53.6,44.3,"44138",6,6.6,1,6,1
1997-12-12 10:00:00,-53.6,44.3,"44138",6,5.8,1,2.6,1
1997-12-10 17:00:00,-53.6,44.3,"44138",6,6.9,1,5,1
1997-12-21 22:00:00,-53.6,44.3,"44138",6,4.1,1,0.6,1
1997-12-09 15:00:00,-53.6,44.3,"44138",6,6.4,1,4,1
1997-12-03 10:00:00,-53.6,44.3,"44138",6,7,1,6,1
1997-12-22 18:00:00,-53.6,44.3,"44138",6,4.1,1,1,1
1997-12-15 08:00:00,-53.6,44.3,"44138",6,5.4,1,4.3,1
1997-12-17 16:00:00,-53.6,44.3,"44138",6,5,1,4.3,1
1997-12-20 22:00:00,-53.6,44.3,"44138",6,5.2,1,2.6,1
1997-12-19 13:00:00,-53.6,44.3,"44138",6,4.7,1,1.6,1
1997-12-24 06:00:00,-53.6,44.3,"44138",6,4.1,1,-1.4,1
1997-12-23 21:00:00,-53.6,44.3,"44138",6,4.1,1,-4,1
1997-12-04 18:00:00,-53.6,44.3,"44138",6,6,1,5.4,1
1997-12-10 13:00:00,-53.6,44.3,"44138",6,6.7,1,5.6,1
1997-12-27 17:00:00,-53.6,44.3,"44138",6,4.4,1,5.3,1
1997-12-18 20:00:00,-53.6,44.3,"44138",6,4.9,1,3.6,1
1997-12-16 20:00:00,-53.6,44.3,"44138",6,4.9,1,-0.3,1
1997-12-08 22:00:00,-53.6,44.3,"44138",6,6,1,3,1
1997-12-25 09:00:00,-53.6,44.3,"44138",6,4.2,1,3,1
1997-12-18 10:00:00,-53.6,44.3,"44138",6,5,1,6.6,1
1997-12-04 07:00:00,-53.6,44.3,"44138",6,6.2,1,6,1
1997-12-06 05:00:00,-53.6,44.3,"44138",6,5.9,1,4,1
1997-12-14 10:00:00,-53.6,44.3,"44138",6,5.7,1,5.8,1
1997-12-09 11:00:00,-53.6,44.3,"44138",6,6.7,1,4.3,1
1997-12-24 11:00:00,-53.6,44.3,"44138",6,4.1,1,-0.4,1
1997-12-19 09:00:00,-53.6,44.3,"44138",6,5.1,1,2.8,1
1997-12-21 07:00:00,-53.6,44.3,"44138",6,4.6,1,1.3,1
1997-12-11 17:00:00,-53.6,44.3,"44138",6,6,1,2.6,1
1997-12-17 12:00:00,-53.6,44.3,"44138",6,4.8,1,3.4,1
1997-12-06 16:00:00,-53.6,44.3,"44138",6,6.3,1,5,1
1997-12-26 10:00:00,-53.6,44.3,"44138",6,4.3,1,4.8,1
1997-12-14 19:00:00,-53.6,44.3,"44138",6,5.6,1,5,1
1997-12-25 16:00:00,-53.6,44.3,"44138",6,4.4,1,3.6,1
1997-12-10 09:00:00,-53.6,44.3,"44138",6,6.8,1,5.4,1
1997-12-13 21:00:00,-53.6,44.3,"44138",6,5.7,1,1.8,1
1997-12-06 12:00:00,-53.6,44.3,"44138",6,6.4,1,4.8,1
1997-12-15 22:00:00,-53.6,44.3,"44138",6,5.3,1,0.4,1
1997-12-26 19:00:00,-53.6,44.3,"44138",6,4.4,1,6.4,1
1997-12-05 21:00:00,-53.6,44.3,"44138",6,5.9,1,4.6,1
1997-12-01 21:00:00,-53.6,44.3,"44138",6,7.1,1,6.6,1
1997-12-28 07:00:00,-53.6,44.3,"44138",6,4.3,1,4.6,1
1997-12-23 08:00:00,-53.6,44.3,"44138",6,4,1,-3.6,1
1997-12-02 05:00:00,-53.6,44.3,"44138",6,7.2,1,9.6,1
1997-12-05 06:00:00,-53.6,44.3,"44138",6,5.9,1,5.4,1
1997-12-20 09:00:00,-53.6,44.3,"44138",6,5.3,1,4.6,1
1997-12-07 09:00:00,-53.6,44.3,"44138",6,6.3,1,6.3,1
1997-12-08 10:00:00,-53.6,44.3,"44138",6,5.8,1,6.3,1
1997-12-28 21:00:00,-53.6,44.3,"44138",6,4.2,1,10.4,1
1997-12-20 19:00:00,-53.6,44.3,"44138",6,5.3,1,3.6,1
1997-12-22 12:00:00,-53.6,44.3,"44138",6,4.1,1,1.6,1
1997-12-18 06:00:00,-53.6,44.3,"44138",6,4.9,1,6.4,1
1997-12-14 06:00:00,-53.6,44.3,"44138",6,5.8,1,4.4,1
1997-12-09 07:00:00,-53.6,44.3,"44138",6,6.8,1,3,1
1997-12-02 15:00:00,-53.6,44.3,"44138",6,7,1,8,1
1997-12-06 06:00:00,-53.6,44.3,"44138",6,5.9,1,4,1
1997-12-02 09:00:00,-53.6,44.3,"44138",6,7.2,1,10.6,1
1997-12-08 06:00:00,-53.6,44.3,"44138",6,6,1,6.4,1
1997-12-11 07:00:00,-53.6,44.3,"44138",6,6.1,1,4.8,1
1997-12-17 08:00:00,-53.6,44.3,"44138",6,4.8,1,1.6,1
1997-12-16 16:00:00,-53.6,44.3,"44138",6,4.9,1,0.4,1
1997-12-21 05:00:00,-53.6,44.3,"44138",6,4.7,1,1.4,1
1997-12-01 11:00:00,-53.6,44.3,"44138",6,5.5,1,5,1
1997-12-02 12:00:00,-53.6,44.3,"44138",6,7.3,1,11.4,1
1997-12-21 20:00:00,-53.6,44.3,"44138",6,4.2,1,1,1
1997-12-24 16:00:00,-53.6,44.3,"44138",6,4.1,1,1.3,1
1997-12-27 09:00:00,-53.6,44.3,"44138",6,4.3,1,5.4,1
1997-12-28 17:00:00,-53.6,44.3,"44138",6,4.2,1,12,1
1997-12-03 07:00:00,-53.6,44.3,"44138",6,7,1,5.8,1
1997-12-17 17:00:00,-53.6,44.3,"44138",6,5,1,4.4,1
1997-12-15 09:00:00,-53.6,44.3,"44138",6,5.4,1,4,1
1997-12-13 05:00:00,-53.6,44.3,"44138",6,5.4,1,2,1
1997-12-11 22:00:00,-53.6,44.3,"44138",6,6,1,2.8,1
1997-12-15 18:00:00,-53.6,44.3,"44138",6,5.3,1,-1.8,1
1997-12-26 06:00:00,-53.6,44.3,"44138",6,4.3,1,4.3,1
1997-12-04 08:00:00,-53.6,44.3,"44138",6,6.2,1,5.8,1
1997-12-12 20:00:00,-53.6,44.3,"44138",6,5.4,1,1.3,1
1997-12-16 12:00:00,-53.6,44.3,"44138",6,4.9,1,-1.3,1
1997-12-04 23:00:00,-53.6,44.3,"44138",6,6.1,1,5.3,1
1997-12-08 23:00:00,-53.6,44.3,"44138",6,6,1,3,1
1997-12-12 07:00:00,-53.6,44.3,"44138",6,6.2,1,3,1
1997-12-18 17:00:00,-53.6,44.3,"44138",6,5,1,6.3,1
1997-12-14 11:00:00,-53.6,44.3,"44138",6,5.7,1,6,1
1997-12-18 21:00:00,-53.6,44.3,"44138",6,4.9,1,3.6,1
1997-12-18 11:00:00,-53.6,44.3,"44138",6,5,1,6.6,1
1997-12-06 21:00:00,-53.6,44.3,"44138",6,6.4,1,7.4,1
1997-12-01 22:00:00,-53.6,44.3,"44138",6,7,1,6.8,1
1997-12-02 17:00:00,-53.6,44.3,"44138",6,6.9,1,8.8,1
1997-12-22 07:00:00,-53.6,44.3,"44138",6,4.1,1,1,1
1997-12-19 23:00:00,-53.6,44.3,"44138",6,4.7,1,1.6,1
1997-12-24 21:00:00,-53.6,44.3,"44138",6,4.1,1,2,1
1997-12-15 05:00:00,-53.6,44.3,"44138",6,5.5,1,4,1
1997-12-07 22:00:00,-53.6,44.3,"44138",6,6.1,1,6.6,1
1997-12-19 06:00:00,-53.6,44.3,"44138",6,5.2,1,3.3,1
1997-12-10 23:00:00,-53.6,44.3,"44138",6,6.7,1,4.8,1
1997-12-23 18:00:00,-53.6,44.3,"44138",6,4.1,1,-4.8,2
1997-12-25 18:00:00,-53.6,44.3,"44138",6,4.2,1,3.6,1
1997-12-26 20:00:00,-53.6,44.3,"44138",6,4.4,1,5.6,1
1997-12-27 23:00:00,-53.6,44.3,"44138",6,4.3,1,4.8,1
1997-12-25 06:00:00,-53.6,44.3,"44138",6,4.1,1,2.3,1
1997-12-29 09:00:00,-53.6,44.3,"44138",6,3.9,1,1.4,1
1997-12-29 11:00:00,-53.6,44.3,"44138",6,3.8,1,1.3,1
1997-12-29 07:00:00,-53.6,44.3,"44138",6,4,1,2,1
1997-12-29 12:00:00,-53.6,44.3,"44138",6,3.7,1,0.8,1
1997-12-16 08:00:00,-53.6,44.3,"44138",6,5.1,1,-1.6,1
1997-12-09 21:00:00,-53.6,44.3,"44138",6,6.6,1,4,1
1997-12-17 22:00:00,-53.6,44.3,"44138",6,5.1,1,5.6,1
1997-12-07 18:00:00,-53.6,44.3,"44138",6,6,1,5.8,1
1997-12-05 23:00:00,-53.6,44.3,"44138",6,5.9,1,4.6,1
1997-12-21 08:00:00,-53.6,44.3,"44138",6,4.6,1,1.4,1
1997-12-18 07:00:00,-53.6,44.3,"44138",6,5,1,6.6,1
1997-12-20 17:00:00,-53.6,44.3,"44138",6,5.3,1,4,1
1997-12-12 12:00:00,-53.6,44.3,"44138",6,5.7,1,2.4,1
1997-12-13 18:00:00,-53.6,44.3,"44138",6,5.6,1,2.3,1
1997-12-19 19:00:00,-53.6,44.3,"44138",6,4.7,1,1,1
1997-12-03 20:00:00,-53.6,44.3,"44138",6,6.4,1,6.3,1
1997-12-05 10:00:00,-53.6,44.3,"44138",6,6,1,4.6,1
1997-12-13 10:00:00,-53.6,44.3,"44138",6,5.3,1,2.3,1
1997-12-06 08:00:00,-53.6,44.3,"44138",6,5.9,1,4.4,1
1997-12-10 06:00:00,-53.6,44.3,"44138",6,6.8,1,4.6,1
1997-12-21 12:00:00,-53.6,44.3,"44138",6,4.6,1,0.8,1
1997-12-10 19:00:00,-53.6,44.3,"44138",6,6.8,1,5.3,1
1997-12-05 16:00:00,-53.6,44.3,"44138",6,5.9,1,4.8,1
1997-12-24 08:00:00,-53.6,44.3,"44138",6,4.1,1,-0.8,1
1997-12-09 17:00:00,-53.6,44.3,"44138",6,6.4,1,4,1
1997-12-27 10:00:00,-53.6,44.3,"44138",6,4.2,1,6,1
1997-12-07 06:00:00,-53.6,44.3,"44138",6,6,1,6.6,1
1997-12-14 16:00:00,-53.6,44.3,"44138",6,5.7,1,6.3,1
1997-12-22 16:00:00,-53.6,44.3,"44138",6,4.1,1,1,1
1997-12-15 19:00:00,-53.6,44.3,"44138",6,5.3,1,-1,1
1997-12-27 19:00:00,-53.6,44.3,"44138",6,4.4,1,5.4,1
1997-12-23 05:00:00,-53.6,44.3,"44138",6,4,1,-2.6,1
1997-12-02 20:00:00,-53.6,44.3,"44138",6,7,1,8.8,1
1997-12-23 23:00:00,-53.6,44.3,"44138",6,4.2,1,-4.3,1
1997-12-25 11:00:00,-53.6,44.3,"44138",6,4.3,1,3.3,1
1997-12-25 19:00:00,-53.6,44.3,"44138",6,4.1,1,3.3,1
1997-12-20 05:00:00,-53.6,44.3,"44138",6,4.7,1,3.4,1
1997-12-26 16:00:00,-53.6,44.3,"44138",6,4.4,1,6.8,1
1997-12-03 12:00:00,-53.6,44.3,"44138",6,6.9,1,5.8,1
1997-12-03 08:00:00,-53.6,44.3,"44138",6,7,1,5.4,1
1997-12-01 15:00:00,-53.6,44.3,"44138",6,5.6,1,4.8,1
1997-12-04 20:00:00,-53.6,44.3,"44138",6,5.9,1,5.6,1
1997-12-19 15:00:00,-53.6,44.3,"44138",6,4.6,1,1,1
1997-12-16 22:00:00,-53.6,44.3,"44138",6,4.8,1,0,1
1997-12-01 07:00:00,-53.6,44.3,"44138",6,5.8,1,5.6,1
1997-12-12 08:00:00,-53.6,44.3,"44138",6,6.2,1,2.6,1
1997-12-01 09:00:00,-53.6,44.3,"44138",6,5.9,1,5,1
1997-12-10 15:00:00,-53.6,44.3,"44138",6,6.8,1,5.4,1
1997-12-28 13:00:00,-53.6,44.3,"44138",6,NA,15,NA,15
1997-12-21 17:00:00,-53.6,44.3,"44138",6,4.6,1,0.4,1
1997-12-12 17:00:00,-53.6,44.3,"44138",6,5.6,1,0.8,1
1997-12-04 05:00:00,-53.6,44.3,"44138",6,6.2,1,6,1
1997-12-06 09:00:00,-53.6,44.3,"44138",6,5.9,1,4.4,1
1997-12-06 22:00:00,-53.6,44.3,"44138",6,6.5,1,7.4,1
1997-12-23 10:00:00,-53.6,44.3,"44138",6,4.1,1,-4.6,2
1997-12-19 11:00:00,-53.6,44.3,"44138",6,5.1,1,2.4,1
1997-12-11 19:00:00,-53.6,44.3,"44138",6,6,1,2.8,1
1997-12-22 08:00:00,-53.6,44.3,"44138",6,4.1,1,1.3,1
1997-12-14 21:00:00,-53.6,44.3,"44138",6,5.5,1,3.4,1
1997-12-08 20:00:00,-53.6,44.3,"44138",6,6,1,4.6,1
1997-12-15 06:00:00,-53.6,44.3,"44138",6,5.5,1,4,1
1997-12-24 13:00:00,-53.6,44.3,"44138",6,4.1,1,0.3,1
1997-12-10 11:00:00,-53.6,44.3,"44138",6,6.7,1,5.6,1
1997-12-25 20:00:00,-53.6,44.3,"44138",6,4.2,1,3,1
1997-12-23 19:00:00,-53.6,44.3,"44138",6,4.1,1,-4,1
1997-12-19 07:00:00,-53.6,44.3,"44138",6,5.2,1,3.3,1
1997-12-26 12:00:00,-53.6,44.3,"44138",6,4.4,1,5,1
1997-12-27 06:00:00,-53.6,44.3,"44138",6,4.5,1,5.4,1
1997-12-24 22:00:00,-53.6,44.3,"44138",6,4.1,1,2,1
1997-12-06 18:00:00,-53.6,44.3,"44138",6,6.4,1,6.8,1
1997-12-13 23:00:00,-53.6,44.3,"44138",6,5.5,1,2.4,1
1997-12-24 18:00:00,-53.6,44.3,"44138",6,4.1,1,1.8,1
1997-12-16 09:00:00,-53.6,44.3,"44138",6,5.1,1,-1.8,1
1997-12-17 23:00:00,-53.6,44.3,"44138",6,5,1,5.6,1
1997-12-04 16:00:00,-53.6,44.3,"44138",6,6,1,5.4,1
1997-12-14 08:00:00,-53.6,44.3,"44138",6,5.7,1,4.8,1
1997-12-07 19:00:00,-53.6,44.3,"44138",6,5.9,1,6.6,1
1997-12-28 09:00:00,-53.6,44.3,"44138",6,4.4,1,4.8,1
1997-12-16 18:00:00,-53.6,44.3,"44138",6,4.9,1,0.3,1
1997-12-01 19:00:00,-53.6,44.3,"44138",6,6.9,1,6.4,1
1997-12-08 16:00:00,-53.6,44.3,"44138",6,6.3,1,6,1
1997-12-11 09:00:00,-53.6,44.3,"44138",6,6,1,4.8,1
1997-12-04 12:00:00,-53.6,44.3,"44138",6,6.1,1,5.8,1
1997-12-05 11:00:00,-53.6,44.3,"44138",6,6,1,4.4,1
1997-12-10 07:00:00,-53.6,44.3,"44138",6,6.8,1,5.4,1
1997-12-02 07:00:00,-53.6,44.3,"44138",6,7.3,1,11,1
1997-12-07 11:00:00,-53.6,44.3,"44138",6,6.3,1,8.4,1
1997-12-03 05:00:00,-53.6,44.3,"44138",6,6.9,1,7.8,1
1997-12-20 07:00:00,-53.6,44.3,"44138",6,4.9,1,4.4,1
1997-12-17 10:00:00,-53.6,44.3,"44138",6,4.8,1,2.4,1
1997-12-11 15:00:00,-53.6,44.3,"44138",6,5.7,1,2.6,1
1997-12-20 11:00:00,-53.6,44.3,"44138",6,5.3,1,4.6,1
1997-12-05 14:00:00,-56.2,42.1,"44141",6,14.3,1,8.4,1
1997-12-06 19:00:00,-56.2,42.1,"44141",6,16.1,1,12.3,1
1997-12-04 21:00:00,-56.2,42.1,"44141",6,16.4,1,12.3,1
1997-12-05 17:00:00,-56.2,42.1,"44141",6,14.6,1,7.4,1
1997-12-04 10:00:00,-56.2,42.1,"44141",6,17,1,10.3,1
1997-12-03 13:00:00,-56.2,42.1,"44141",6,16.6,1,10,1
1997-12-08 08:00:00,-56.2,42.1,"44141",6,10.5,1,8.5,1
1997-12-07 07:00:00,-56.2,42.1,"44141",6,16.7,1,15.8,1
1997-12-03 17:00:00,-56.2,42.1,"44141",6,16.8,1,9.5,1
1997-12-03 01:00:00,-56.2,42.1,"44141",6,16.8,1,10.9,1
1997-12-05 01:00:00,-56.2,42.1,"44141",6,15.2,1,12.6,1
1997-12-02 11:00:00,-56.2,42.1,"44141",6,16.5,1,12.1,1
1997-12-06 02:00:00,-56.2,42.1,"44141",6,16.5,1,6.8,1
1997-12-07 03:00:00,-56.2,42.1,"44141",6,16.7,1,12.6,1
1997-12-08 04:00:00,-56.2,42.1,"44141",6,11.3,1,11.6,1
1997-12-02 21:00:00,-56.2,42.1,"44141",6,16.8,1,10.4,1
1997-12-01 02:00:00,-56.2,42.1,"44141",6,17,1,11.1,1
1997-12-03 09:00:00,-56.2,42.1,"44141",6,17.2,1,10.3,1
1997-12-05 13:00:00,-56.2,42.1,"44141",6,14.3,1,8.1,1
1997-12-06 23:00:00,-56.2,42.1,"44141",6,16.5,1,11.8,1
1997-12-05 18:00:00,-56.2,42.1,"44141",6,14.7,1,7.4,1
1997-12-05 05:00:00,-56.2,42.1,"44141",6,14.4,1,11.8,1
1997-12-08 00:00:00,-56.2,42.1,"44141",6,11.8,1,10.4,1
1997-12-01 13:00:00,-56.2,42.1,"44141",6,17.1,1,12.8,1
1997-12-04 06:00:00,-56.2,42.1,"44141",6,17,1,9,1
1997-12-04 13:00:00,-56.2,42.1,"44141",6,17.1,1,10.3,1
1997-12-06 03:00:00,-56.2,42.1,"44141",6,16.7,1,7,1
1997-12-07 20:00:00,-56.2,42.1,"44141",6,11.9,1,10.3,1
1997-12-01 17:00:00,-56.2,42.1,"44141",6,17.5,1,14.3,1
1997-12-02 00:00:00,-56.2,42.1,"44141",6,17.3,1,17.8,1
1997-12-01 20:00:00,-56.2,42.1,"44141",6,17.4,1,14.8,1
1997-12-06 15:00:00,-56.2,42.1,"44141",6,15.4,1,13.5,1
1997-12-01 06:00:00,-56.2,42.1,"44141",6,17,1,11.3,1
1997-12-07 16:00:00,-56.2,42.1,"44141",6,12.5,1,9.1,1
1997-12-02 08:00:00,-56.2,42.1,"44141",6,16.9,1,17.4,1
1997-12-02 14:00:00,-56.2,42.1,"44141",6,16.9,1,12.6,1
1997-12-07 12:00:00,-56.2,42.1,"44141",6,16,1,14.8,1
1997-12-05 08:00:00,-56.2,42.1,"44141",6,14.6,1,11.8,1
1997-12-02 04:00:00,-56.2,42.1,"44141",6,16.8,1,17.6,1
1997-12-06 11:00:00,-56.2,42.1,"44141",6,16.5,1,14.3,1
1997-12-05 19:00:00,-56.2,42.1,"44141",6,14.9,1,7.8,1
1997-12-07 08:00:00,-56.2,42.1,"44141",6,16.6,1,16.3,1
1997-12-03 14:00:00,-56.2,42.1,"44141",6,16.7,1,9.9,1
1997-12-08 13:00:00,-56.2,42.1,"44141",6,9.9,1,8,1
1997-12-01 10:00:00,-56.2,42.1,"44141",6,17,1,11,1
1997-12-03 02:00:00,-56.2,42.1,"44141",6,16.9,1,10,1
1997-12-02 18:00:00,-56.2,42.1,"44141",6,16.9,1,11.8,1
1997-12-08 09:00:00,-56.2,42.1,"44141",6,10.2,1,8.9,1
1997-12-03 18:00:00,-56.2,42.1,"44141",6,16.9,1,9.8,1
1997-12-03 06:00:00,-56.2,42.1,"44141",6,17.2,1,10.4,1
1997-12-08 05:00:00,-56.2,42.1,"44141",6,11.2,1,10.3,1
1997-12-06 04:00:00,-56.2,42.1,"44141",6,16.8,1,7.5,1
1997-12-07 04:00:00,-56.2,42.1,"44141",6,16.7,1,13,1
1997-12-02 22:00:00,-56.2,42.1,"44141",6,16.8,1,11,1
1997-12-06 07:00:00,-56.2,42.1,"44141",6,16.8,1,11,1
1997-12-03 10:00:00,-56.2,42.1,"44141",6,17.1,1,10.3,1
1997-12-04 22:00:00,-56.2,42.1,"44141",6,16.4,1,13,1
1997-12-01 03:00:00,-56.2,42.1,"44141",6,17,1,11.3,1
1997-12-07 00:00:00,-56.2,42.1,"44141",6,16.6,1,12,1
1997-12-08 01:00:00,-56.2,42.1,"44141",6,11.9,1,10.9,1
1997-12-05 20:00:00,-56.2,42.1,"44141",6,15,1,7.1,1
1997-12-04 18:00:00,-56.2,42.1,"44141",6,17,1,10.9,1
1997-12-04 07:00:00,-56.2,42.1,"44141",6,17,1,8.9,1
1997-12-06 20:00:00,-56.2,42.1,"44141",6,16.1,1,11.8,1
1997-12-04 03:00:00,-56.2,42.1,"44141",6,16.9,1,9,1
1997-12-06 05:00:00,-56.2,42.1,"44141",6,16.8,1,8.6,1
1997-12-07 21:00:00,-56.2,42.1,"44141",6,11.9,1,10.3,1
1997-12-01 14:00:00,-56.2,42.1,"44141",6,17.2,1,13.4,1
1997-12-06 12:00:00,-56.2,42.1,"44141",6,16.2,1,15,1
1997-12-06 16:00:00,-56.2,42.1,"44141",6,15.4,1,13,1
1997-12-05 09:00:00,-56.2,42.1,"44141",6,14.5,1,9.9,1
1997-12-03 23:00:00,-56.2,42.1,"44141",6,16.5,1,8.3,1
1997-12-07 17:00:00,-56.2,42.1,"44141",6,12.3,1,10.1,1
1997-12-04 14:00:00,-56.2,42.1,"44141",6,17.1,1,10.1,1
1997-12-04 11:00:00,-56.2,42.1,"44141",6,17,1,10.4,1
1997-12-02 01:00:00,-56.2,42.1,"44141",6,17.1,1,17.9,1
1997-12-05 21:00:00,-56.2,42.1,"44141",6,15,1,6.9,1
1997-12-01 21:00:00,-56.2,42.1,"44141",6,17.4,1,15.3,1
1997-12-07 13:00:00,-56.2,42.1,"44141",6,15.2,1,8.1,1
1997-12-02 05:00:00,-56.2,42.1,"44141",6,17.1,1,17.8,1
1997-12-07 09:00:00,-56.2,42.1,"44141",6,16.6,1,15,1
1997-12-08 14:00:00,-56.2,42.1,"44141",6,9.6,1,7.8,1
1997-12-03 03:00:00,-56.2,42.1,"44141",6,17,1,10.8,1
1997-12-05 12:00:00,-56.2,42.1,"44141",6,14.3,1,7.8,1
1997-12-08 10:00:00,-56.2,42.1,"44141",6,10.1,1,8.6,1
1997-12-03 19:00:00,-56.2,42.1,"44141",6,17,1,9,1
1997-12-02 15:00:00,-56.2,42.1,"44141",6,16.9,1,12.9,1
1997-12-02 09:00:00,-56.2,42.1,"44141",6,16.8,1,16.6,1
1997-12-06 06:00:00,-56.2,42.1,"44141",6,16.8,1,9.8,1
1997-12-05 06:00:00,-56.2,42.1,"44141",6,14.5,1,11.8,1
1997-12-01 16:00:00,-56.2,42.1,"44141",6,17.5,1,13.8,1
1997-12-02 12:00:00,-56.2,42.1,"44141",6,16.8,1,12.9,1
1997-12-01 11:00:00,-56.2,42.1,"44141",6,16.9,1,11.3,1
1997-12-07 05:00:00,-56.2,42.1,"44141",6,16.8,1,13.3,1
1997-12-08 06:00:00,-56.2,42.1,"44141",6,11.1,1,9,1
1997-12-02 19:00:00,-56.2,42.1,"44141",6,16.9,1,12,1
1997-12-05 03:00:00,-56.2,42.1,"44141",6,14.8,1,12.3,1
1997-12-02 23:00:00,-56.2,42.1,"44141",6,16.6,1,10.8,1
1997-12-05 15:00:00,-56.2,42.1,"44141",6,14.4,1,8,1
1997-12-03 07:00:00,-56.2,42.1,"44141",6,17.2,1,10.3,1
1997-12-03 15:00:00,-56.2,42.1,"44141",6,16.6,1,9.8,1
1997-12-01 04:00:00,-56.2,42.1,"44141",6,16.9,1,11.5,1
1997-12-07 01:00:00,-56.2,42.1,"44141",6,16.6,1,11.9,1
1997-12-01 08:00:00,-56.2,42.1,"44141",6,16.9,1,11.3,1
1997-12-03 11:00:00,-56.2,42.1,"44141",6,16.8,1,10.3,1
1997-12-01 18:00:00,-56.2,42.1,"44141",6,17.5,1,13.8,1
1997-12-04 23:00:00,-56.2,42.1,"44141",6,15.8,1,12.9,1
1997-12-08 02:00:00,-56.2,42.1,"44141",6,11.9,1,10.8,1
1997-12-05 22:00:00,-56.2,42.1,"44141",6,15,1,7,1
1997-12-04 19:00:00,-56.2,42.1,"44141",6,17,1,11.3,1
1997-12-04 04:00:00,-56.2,42.1,"44141",6,16.9,1,8.4,1
1997-12-06 21:00:00,-56.2,42.1,"44141",6,16,1,11.8,1
1997-12-05 07:00:00,-56.2,42.1,"44141",6,14.5,1,11.8,1
1997-12-08 12:00:00,-56.2,42.1,"44141",6,10,1,8.8,1
1997-12-01 09:00:00,-56.2,42.1,"44141",6,16.9,1,10.9,1
1997-12-07 18:00:00,-56.2,42.1,"44141",6,12.1,1,10,1
1997-12-06 17:00:00,-56.2,42.1,"44141",6,15.6,1,12.5,1
1997-12-07 22:00:00,-56.2,42.1,"44141",6,11.9,1,10.3,1
1997-12-02 02:00:00,-56.2,42.1,"44141",6,16.8,1,17.6,1
1997-12-04 00:00:00,-56.2,42.1,"44141",6,16.7,1,8.8,1
1997-12-01 22:00:00,-56.2,42.1,"44141",6,17.4,1,16,1
1997-12-06 13:00:00,-56.2,42.1,"44141",6,15.8,1,15.1,1
1997-12-05 23:00:00,-56.2,42.1,"44141",6,15.2,1,6.8,1
1997-12-03 20:00:00,-56.2,42.1,"44141",6,16.9,1,9.6,1
1997-12-03 04:00:00,-56.2,42.1,"44141",6,17,1,9.8,1
1997-12-07 14:00:00,-56.2,42.1,"44141",6,14.2,1,8.4,1
1997-12-02 06:00:00,-56.2,42.1,"44141",6,17.2,1,17.3,1
1997-12-08 15:00:00,-56.2,42.1,"44141",6,9.3,1,8,1
1997-12-05 10:00:00,-56.2,42.1,"44141",6,14.6,1,8.8,1
1997-12-08 11:00:00,-56.2,42.1,"44141",6,10,1,8.9,1
1997-12-07 10:00:00,-56.2,42.1,"44141",6,16.6,1,12.9,1
1997-12-02 16:00:00,-56.2,42.1,"44141",6,16.8,1,12.1,1
1997-12-06 08:00:00,-56.2,42.1,"44141",6,16.8,1,12.4,1
1997-12-08 07:00:00,-56.2,42.1,"44141",6,10.7,1,8.3,1
1997-12-03 00:00:00,-56.2,42.1,"44141",6,16.7,1,11.3,1
1997-12-05 16:00:00,-56.2,42.1,"44141",6,14.5,1,7.6,1
1997-12-07 06:00:00,-56.2,42.1,"44141",6,16.8,1,14.1,1
1997-12-02 10:00:00,-56.2,42.1,"44141",6,16.7,1,16.8,1
1997-12-02 20:00:00,-56.2,42.1,"44141",6,16.9,1,12,1
1997-12-03 16:00:00,-56.2,42.1,"44141",6,16.6,1,9.3,1
1997-12-07 02:00:00,-56.2,42.1,"44141",6,16.6,1,12.5,1
1997-12-03 12:00:00,-56.2,42.1,"44141",6,16.5,1,10.3,1
1997-12-05 04:00:00,-56.2,42.1,"44141",6,14.5,1,11.8,1
1997-12-03 08:00:00,-56.2,42.1,"44141",6,17.3,1,10,1
1997-12-01 15:00:00,-56.2,42.1,"44141",6,17.4,1,13.9,1
1997-12-08 03:00:00,-56.2,42.1,"44141",6,11.9,1,11.1,1
1997-12-01 12:00:00,-56.2,42.1,"44141",6,17,1,12,1
1997-12-04 20:00:00,-56.2,42.1,"44141",6,17,1,11.8,1
1997-12-06 00:00:00,-56.2,42.1,"44141",6,15.5,1,6.5,1
1997-12-01 05:00:00,-56.2,42.1,"44141",6,17,1,11.6,1
1997-12-01 07:00:00,-56.2,42.1,"44141",6,16.9,1,11.3,1
1997-12-02 17:00:00,-56.2,42.1,"44141",6,16.8,1,12.3,1
1997-12-06 18:00:00,-56.2,42.1,"44141",6,15.8,1,12.8,1
1997-12-06 22:00:00,-56.2,42.1,"44141",6,16.3,1,11.5,1
1997-12-05 00:00:00,-56.2,42.1,"44141",6,15.7,1,13.1,1
1997-12-04 05:00:00,-56.2,42.1,"44141",6,16.9,1,8.5,1
1997-12-06 09:00:00,-56.2,42.1,"44141",6,16.8,1,13.3,1
1997-12-07 23:00:00,-56.2,42.1,"44141",6,11.9,1,10.4,1
1997-12-04 16:00:00,-56.2,42.1,"44141",6,17.1,1,10,1
1997-12-04 01:00:00,-56.2,42.1,"44141",6,16.8,1,8.6,1
1997-12-07 19:00:00,-56.2,42.1,"44141",6,12,1,10.3,1
1997-12-06 01:00:00,-56.2,42.1,"44141",6,16.4,1,6.5,1
1997-12-06 14:00:00,-56.2,42.1,"44141",6,15.6,1,14.3,1
1997-12-01 19:00:00,-56.2,42.1,"44141",6,17.3,1,14.1,1
1997-12-01 23:00:00,-56.2,42.1,"44141",6,17.4,1,16.8,1
1997-12-02 13:00:00,-56.2,42.1,"44141",6,16.9,1,13,1
1997-12-08 16:00:00,-56.2,42.1,"44141",6,9.2,1,8,1
1997-12-04 12:00:00,-56.2,42.1,"44141",6,17,1,10.3,1
1997-12-02 07:00:00,-56.2,42.1,"44141",6,17.2,1,17.3,1
1997-12-02 03:00:00,-56.2,42.1,"44141",6,16.8,1,17.8,1
1997-12-07 11:00:00,-56.2,42.1,"44141",6,16.4,1,14.5,1
1997-12-07 15:00:00,-56.2,42.1,"44141",6,13,1,8.3,1
1997-12-03 21:00:00,-56.2,42.1,"44141",6,16.7,1,9.1,1
1997-12-05 11:00:00,-56.2,42.1,"44141",6,14.5,1,8.3,1
1997-12-06 10:00:00,-56.2,42.1,"44141",6,16.8,1,13.8,1
1997-12-03 05:00:00,-56.2,42.1,"44141",6,17.1,1,10.3,1
1997-12-01 00:00:00,-56.2,42.1,"44141",6,16.8,1,10.8,1
1997-12-01 01:00:00,-56.2,42.1,"44141",6,16.9,1,11.1,1
1997-12-01 11:38:00,-52.53,45.41,"44508",7,4.8,1,NA,15
1997-12-01 15:56:00,-52.53,45.41,"44508",7,4.8,1,NA,15
1997-12-01 17:37:00,-52.53,45.41,"44508",7,4.8,1,NA,15
1997-12-01 19:43:00,-52.52,45.41,"44508",7,4.8,1,NA,15
1997-12-01 21:22:00,-52.52,45.41,"44508",7,4.8,1,NA,15
1997-12-01 23:06:00,-52.53,45.43,"44508",7,4.8,1,NA,15
1997-12-02 05:58:00,-52.53,45.44,"44508",7,4.9,1,NA,15
1997-12-02 07:39:00,-52.52,45.44,"44508",7,4.9,1,NA,15
1997-12-02 09:38:00,-52.54,45.45,"44508",7,4.9,1,NA,15
1997-12-04 10:37:00,-52.37,45.48,"44508",7,4.9,1,NA,15
1997-12-04 12:11:00,-52.37,45.48,"44508",7,4.9,1,NA,15
1997-12-04 17:02:00,-52.37,45.47,"44508",7,4.9,1,NA,15
1997-12-04 18:42:00,-52.37,45.47,"44508",7,4.9,1,NA,15
1997-12-04 20:16:00,-52.35,45.47,"44508",7,4.9,1,NA,15
1997-12-04 21:54:00,-52.35,45.47,"44508",7,4.9,1,NA,15
1997-12-05 05:22:00,-52.35,45.47,"44508",7,4.8,1,NA,15
1997-12-05 07:03:00,-52.35,45.47,"44508",7,4.8,1,NA,15
1997-12-05 08:45:00,-52.3,45.44,"44508",7,4.8,1,NA,15
1997-12-07 11:10:00,-52.32,45.43,"44508",7,4.8,1,NA,15
1997-12-07 12:45:00,-52.32,45.43,"44508",7,4.8,1,NA,15
1997-12-07 14:50:00,-52.32,45.43,"44508",7,4.8,1,NA,15
1997-12-07 16:31:00,-52.32,45.43,"44508",7,4.8,1,NA,15
1997-12-07 18:10:00,-52.32,45.43,"44508",7,4.8,1,NA,15
1997-12-07 19:12:00,-52.38,45.47,"44508",7,4.8,1,NA,15
1997-12-07 20:55:00,-52.33,45.48,"44508",7,4.8,1,NA,15
1997-12-07 22:28:00,-52.33,45.48,"44508",7,4.8,1,NA,15
1997-12-08 04:51:00,-52.33,45.46,"44508",7,4.8,1,NA,15
1997-12-08 06:33:00,-52.34,45.45,"44508",7,4.8,1,NA,15
1997-12-08 08:10:00,-52.34,45.45,"44508",7,4.8,1,NA,15
1997-12-08 09:05:00,-52.35,45.46,"44508",7,4.8,1,NA,15
1997-12-10 15:59:00,-52.48,45.49,"44508",7,4.7,1,NA,15
1997-12-10 17:39:00,-52.48,45.49,"44508",7,4.7,1,NA,15
1997-12-10 19:19:00,-52.48,45.49,"44508",7,4.7,1,NA,15
1997-12-10 21:23:00,-52.48,45.49,"44508",7,4.7,1,NA,15
1997-12-10 23:06:00,-52.48,45.49,"44508",7,4.7,1,NA,15
1997-12-11 06:00:00,-52.48,45.5,"44508",7,4.7,1,NA,15
1997-12-11 07:40:00,-52.48,45.49,"44508",7,4.7,1,NA,15
1997-12-11 09:42:00,-52.48,45.5,"44508",7,4.7,1,NA,15
1997-12-13 10:37:00,-52.79,45.45,"44508",7,4.2,1,NA,15
1997-12-13 12:16:00,-52.79,45.45,"44508",7,4.2,1,NA,15
1997-12-13 15:23:00,-52.79,45.45,"44508",7,4.2,1,NA,15
1997-12-13 17:06:00,-52.79,45.45,"44508",7,4.2,1,NA,15
1997-12-13 18:47:00,-52.79,45.45,"44508",7,4.2,1,NA,15
1997-12-13 20:23:00,-52.79,45.45,"44508",7,4.2,1,NA,15
1997-12-14 05:24:00,-52.74,45.43,"44508",7,4.2,1,NA,15
1997-12-14 07:07:00,-52.74,45.43,"44508",7,4.2,1,NA,15
1997-12-14 08:34:00,-52.75,45.45,"44508",7,4.2,1,NA,15
1997-12-16 18:13:00,-52.77,45.28,"44508",7,3.9,1,NA,15
1997-12-16 20:54:00,-52.77,45.28,"44508",7,3.8,1,NA,15
1997-12-16 22:32:00,-52.77,45.28,"44508",7,3.8,1,NA,15
1997-12-17 06:33:00,-52.83,45.26,"44508",7,3.8,1,NA,15
1997-12-17 08:12:00,-52.85,45.23,"44508",7,3.7,1,NA,15
1997-12-17 09:07:00,-52.83,45.21,"44508",7,3.7,1,NA,15
1997-12-19 21:29:00,-52.71,45.1,"44508",7,3.7,1,NA,15
1997-12-19 23:08:00,-52.71,45.1,"44508",7,3.7,1,NA,15
1997-12-20 05:59:00,-52.7,45.08,"44508",7,3.7,1,NA,15
1997-12-20 07:42:00,-52.7,45.07,"44508",7,3.7,1,NA,15
1997-12-20 09:43:00,-52.7,45.08,"44508",7,3.7,1,NA,15
1997-12-22 10:40:00,-52.72,44.96,"44508",7,3.6,1,NA,15
1997-12-22 12:19:00,-52.73,44.96,"44508",7,3.6,1,NA,15
1997-12-22 17:10:00,-52.74,44.95,"44508",7,3.6,1,NA,15
1997-12-22 18:48:00,-52.75,44.95,"44508",7,3.6,1,NA,15
1997-12-22 20:21:00,-52.75,44.95,"44508",7,3.6,1,NA,15
1997-12-22 22:02:00,-52.75,44.95,"44508",7,3.6,1,NA,15
1997-12-23 05:26:00,-52.76,44.94,"44508",7,3.5,1,NA,15
1997-12-23 08:35:00,-52.76,44.94,"44508",7,3.5,1,NA,15
1997-12-25 16:33:00,-52.93,44.91,"44508",7,3.1,1,NA,15
1997-12-25 18:14:00,-52.93,44.92,"44508",7,3.1,1,NA,15
1997-12-25 20:54:00,-52.94,44.93,"44508",7,3.1,1,NA,15
1997-12-25 22:37:00,-52.94,44.93,"44508",7,3.1,1,NA,15
1997-12-26 04:50:00,-52.94,44.92,"44508",7,3.1,1,NA,15
1997-12-26 06:34:00,-52.94,44.92,"44508",7,3.1,1,NA,15
1997-12-26 08:15:00,-52.94,44.92,"44508",7,3.1,1,NA,15
1997-12-26 09:08:00,-52.98,44.95,"44508",7,3.1,1,NA,15
1997-12-28 21:30:00,-53,44.91,"44508",7,3.3,1,NA,15
1997-12-28 23:13:00,-53,44.91,"44508",7,3.4,1,NA,15
1997-12-29 06:02:00,-52.98,44.87,"44508",7,3.3,1,NA,15
1997-12-29 07:43:00,-52.98,44.85,"44508",7,3.2,1,NA,15
1997-12-29 09:47:00,-52.99,44.85,"44508",7,3.2,1,NA,15
1997-12-31 12:20:00,-53.05,44.83,"44508",7,3.1,1,NA,15
1997-12-31 17:04:00,-53.05,44.83,"44508",7,3.1,1,NA,15
1997-12-31 18:43:00,-53.05,44.83,"44508",7,3.1,1,NA,15
1997-12-31 20:27:00,-53.05,44.83,"44508",7,3.1,1,NA,15
1997-12-31 22:05:00,-53.07,44.85,"44508",7,3.1,1,NA,15
1997-12-23 16:57:00,-58.16,41.1,"44930",7,16,1,NA,15
1997-12-23 18:36:00,-58.17,41.09,"44930",7,16,1,NA,15
1997-12-23 20:01:00,-58.17,41.09,"44930",7,16,1,NA,15
1997-12-23 21:40:00,-58.18,41.08,"44930",7,16,1,NA,15
1997-12-23 23:19:00,-58.22,41.06,"44930",7,15.9,1,NA,15
1997-12-24 05:14:00,-58.29,41.05,"44930",7,15.9,1,NA,15
1997-12-24 07:01:00,-58.29,41.05,"44930",7,15.9,1,NA,15
1997-12-24 08:36:00,-58.28,41.04,"44930",7,15.9,1,NA,15
1997-12-24 09:57:00,-58.29,41.03,"44930",7,15.9,1,NA,15
1997-12-24 11:37:00,-58.29,41.03,"44930",7,15.9,1,NA,15
1997-12-28 08:25:00,-57.18,43,"44833",7,10.2,1,NA,15
1997-12-28 09:31:00,-57.18,43,"44833",7,10,1,NA,15
1997-12-28 10:10:00,-57.15,43,"44833",7,9.8,1,NA,15
1997-12-28 11:49:00,-57.15,43.01,"44833",7,NA,15,NA,15
1997-12-28 16:03:00,-57.07,43.04,"44833",7,7.3,1,NA,15
1997-12-28 17:36:00,-57.07,43.04,"44833",7,8,1,NA,15
1997-12-30 19:00:00,-56.75,42.99,"44833",7,6.5,1,NA,15
1997-12-30 20:49:00,-56.71,42.98,"44833",7,6.5,1,NA,15
1997-12-30 22:27:00,-56.68,42.97,"44833",7,6.5,1,NA,15
1997-12-31 05:40:00,-56.62,42.86,"44833",7,7.1,1,NA,15
1997-12-31 07:23:00,-56.61,42.84,"44833",7,7.2,1,NA,15
1997-12-31 08:59:00,-56.61,42.85,"44833",7,7.2,1,NA,15
1997-12-31 10:45:00,-56.61,42.85,"44833",7,7,1,NA,15
1997-12-31 12:21:00,-56.6,42.84,"44833",7,6.8,1,NA,15
1997-12-31 15:27:00,-56.6,42.84,"44833",7,6.8,1,NA,15
1997-12-31 17:11:00,-56.43,42.81,"44833",7,6.2,1,NA,15
1997-12-01 17:37:00,-58.36,41.99,"44843",7,17.4,1,NA,15
1997-12-01 19:41:00,-58.31,41.99,"44843",7,17.6,1,NA,15
1997-12-01 21:24:00,-58.28,42.02,"44843",7,16.7,1,NA,15
1997-12-01 23:05:00,-58.22,42.02,"44843",7,17.7,3,NA,15
1997-12-02 05:58:00,-58.08,41.99,"44843",7,18.1,1,NA,15
1997-12-02 07:40:00,-58.06,41.99,"44843",7,18.7,1,NA,15
1997-12-02 09:37:00,-58.06,41.99,"44843",7,NA,15,NA,15
1997-12-02 11:21:00,-58.04,42,"44843",7,NA,15,NA,15
1997-12-02 12:56:00,-58.04,42,"44843",7,19,3,NA,15
1997-12-26 16:23:00,-58.68,40.42,"44930",7,15.3,1,NA,15
1997-12-26 18:02:00,-58.69,40.4,"44930",7,15.4,1,NA,15
1997-12-26 19:43:00,-58.69,40.4,"44930",7,15.3,1,NA,15
1997-12-26 20:34:00,-58.68,40.39,"44930",7,15.4,1,NA,15
1997-12-26 22:13:00,-58.68,40.4,"44930",7,15.7,1,NA,15
1997-12-27 04:41:00,-58.68,40.4,"44930",7,15.5,1,NA,15
1997-12-27 06:26:00,-58.64,40.43,"44930",7,15.5,1,NA,15
1997-12-27 08:07:00,-58.65,40.44,"44930",7,15.5,1,NA,15
1997-12-27 08:49:00,-58.65,40.44,"44930",7,15.6,1,NA,15
1997-12-27 10:33:00,-58.66,40.45,"44930",7,15.5,1,NA,15
1997-12-27 12:10:00,-58.66,40.45,"44930",7,15.4,1,NA,15
1997-12-27 19:34:00,-57.32,42.98,"44833",7,8.4,1,NA,15
1997-12-27 20:14:00,-57.32,42.98,"44833",7,8.4,1,NA,15
1997-12-27 21:52:00,-57.3,42.98,"44833",7,8.4,1,NA,15
1997-12-27 23:34:00,-57.29,42.99,"44833",7,8.7,1,NA,15
1997-12-28 04:29:00,-57.29,42.99,"44833",7,9.1,1,NA,15
1997-12-28 06:15:00,-57.19,43,"44833",7,9.5,1,NA,15
1997-12-29 17:32:00,-59.26,40.27,"44930",7,15.7,1,NA,15
1997-12-29 19:13:00,-59.24,40.28,"44930",7,15.6,1,NA,15
1997-12-29 21:09:00,-59.23,40.28,"44930",7,15.5,1,NA,15
1997-12-29 22:49:00,-59.25,40.28,"44930",7,15.5,1,NA,15
1997-12-30 05:53:00,-59.34,40.32,"44930",7,15.6,1,NA,15
1997-12-30 07:33:00,-59.37,40.32,"44930",7,15.7,1,NA,15
1997-12-25 20:57:00,-54.83,40.64,"44843",7,16.3,1,NA,15
1997-12-25 22:37:00,-54.78,40.59,"44843",7,16.3,1,NA,15
1997-12-26 04:54:00,-54.63,40.44,"44843",7,16.2,1,NA,15
1997-12-26 06:37:00,-54.59,40.42,"44843",7,16.3,1,NA,15
1997-12-26 08:15:00,-54.59,40.42,"44843",7,16.3,1,NA,15
1997-12-26 09:09:00,-54.54,40.38,"44843",7,16.3,1,NA,15
1997-12-26 10:55:00,-54.5,40.36,"44843",7,16.3,1,NA,15
1997-12-15 18:23:00,-59.07,42.13,"44833",7,10.6,1,NA,15
1997-12-15 20:02:00,-59.08,42.13,"44833",7,10.5,1,NA,15
1997-12-15 21:14:00,-59.08,42.13,"44833",7,10.5,1,NA,15
1997-12-15 22:59:00,-59.05,42.13,"44833",7,10.6,1,NA,15
1997-12-16 05:03:00,-59.05,42.13,"44833",7,10.8,1,NA,15
1997-12-16 06:47:00,-58.97,42.14,"44833",7,10.7,1,NA,15
1997-12-16 08:28:00,-58.97,42.14,"44833",7,10.6,1,NA,15
1997-12-16 09:32:00,-58.96,42.12,"44833",7,10.6,1,NA,15
1997-12-16 11:14:00,-58.97,42.12,"44833",7,10.5,1,NA,15
1997-12-16 12:50:00,-58.98,42.11,"44833",7,10.5,1,NA,15
1997-12-16 16:34:00,-58.98,42.15,"44833",7,10.6,1,NA,15
1997-12-18 19:33:00,-58.98,42.24,"44833",7,11.9,1,NA,15
1997-12-18 20:11:00,-59,42.25,"44833",7,12,1,NA,15
1997-12-18 21:50:00,-58.98,42.27,"44833",7,12.1,1,NA,15
1997-12-18 23:32:00,-58.99,42.29,"44833",7,12.3,1,NA,15
1997-12-19 06:13:00,-58.96,42.32,"44833",7,13,1,NA,15
1997-12-19 07:52:00,-58.95,42.33,"44833",7,13.3,1,NA,15
1997-12-19 09:30:00,-58.95,42.33,"44833",7,12.9,1,NA,15
1997-12-19 10:07:00,-58.95,42.34,"44833",7,13,1,NA,15
1997-12-19 11:47:00,-58.95,42.35,"44833",7,13.1,1,NA,15
1997-12-19 16:01:00,-58.95,42.35,"44833",7,13.3,1,NA,15
1997-12-19 17:36:00,-58.96,42.4,"44833",7,13.2,1,NA,15
1997-12-21 18:59:00,-58.7,42.7,"44833",7,11.6,1,NA,15
1997-12-21 20:46:00,-58.69,42.71,"44833",7,11.6,1,NA,15
1997-12-21 22:24:00,-58.68,42.72,"44833",7,11.8,1,NA,15
1997-12-22 05:38:00,-58.65,42.72,"44833",7,11.8,1,NA,15
1997-12-22 07:23:00,-58.66,42.73,"44833",7,11.8,1,NA,15
1997-12-22 08:57:00,-58.65,42.72,"44833",7,11.8,1,NA,15
1997-12-22 10:43:00,-58.63,42.75,"44833",7,11.8,1,NA,15
1997-12-22 12:21:00,-58.63,42.76,"44833",7,11.7,1,NA,15
1997-12-22 17:09:00,-58.57,42.76,"44833",7,11.5,1,NA,15
1997-12-24 18:25:00,-58.28,42.98,"44833",7,12,1,NA,15
1997-12-24 19:40:00,-58.28,42.99,"44833",7,12,1,NA,15
1997-12-24 21:17:00,-58.25,43.01,"44833",7,12,1,NA,15
1997-12-24 22:57:00,-58.25,43.01,"44833",7,12,1,NA,15
1997-12-25 05:06:00,-58.22,43.04,"44833",7,11.9,1,NA,15
1997-12-25 06:49:00,-58.2,43.05,"44833",7,11.9,1,NA,15
1997-12-25 08:26:00,-58.2,43.05,"44833",7,11.9,1,NA,15
1997-12-25 09:34:00,-58.19,43.07,"44833",7,11.9,1,NA,15
1997-12-25 11:17:00,-58.16,43.07,"44833",7,11.8,1,NA,15
1997-12-25 12:50:00,-58.16,43.08,"44833",7,11.8,1,NA,15
1997-12-25 16:37:00,-58.07,43.08,"44833",7,11.8,1,NA,15
1997-12-30 09:24:00,-59.37,40.32,"44930",7,15.7,1,NA,15
1997-12-30 11:08:00,-59.42,40.29,"44930",7,15.7,1,NA,15
1997-12-30 12:44:00,-59.46,40.29,"44930",7,15.2,1,NA,15
1997-12-01 06:10:00,-53.32,41.55,"44929",7,17.6,1,NA,15
1997-12-01 08:19:00,-53.32,41.55,"44929",7,17.5,1,NA,15
1997-12-01 10:02:00,-53.32,41.56,"44929",7,17.5,1,NA,15
1997-12-01 11:41:00,-53.31,41.57,"44929",7,17.4,1,NA,15
1997-12-04 17:05:00,-57.26,41.69,"44843",7,16.2,1,NA,15
1997-12-04 18:45:00,-57.22,41.68,"44843",7,16.6,1,NA,15
1997-12-04 20:18:00,-57.22,41.69,"44843",7,16.6,1,NA,15
1997-12-04 21:56:00,-57.2,41.69,"44843",7,16.5,1,NA,15
1997-12-04 23:38:00,-57.2,41.69,"44843",7,16.5,1,NA,15
1997-12-05 05:21:00,-57.2,41.69,"44843",7,16.8,1,NA,15
1997-12-05 07:07:00,-57.1,41.75,"44843",7,16.8,1,NA,15
1997-12-05 08:45:00,-57.1,41.75,"44843",7,17,1,NA,15
1997-12-05 10:16:00,-57.05,41.77,"44843",7,16.9,1,NA,15
1997-12-05 11:54:00,-57.03,41.78,"44843",7,16.9,1,NA,15
1997-12-07 18:11:00,-56.82,41.78,"44843",7,16.9,1,NA,15
1997-12-07 19:52:00,-56.82,41.78,"44843",7,16.9,1,NA,15
1997-12-07 20:54:00,-56.86,41.78,"44843",7,16.9,1,NA,15
1997-12-07 22:32:00,-56.87,41.79,"44843",7,16.9,1,NA,15
1997-12-08 04:49:00,-56.87,41.79,"44843",7,16.9,1,NA,15
1997-12-08 06:35:00,-56.84,41.77,"44843",7,16.9,1,NA,15
1997-12-08 08:13:00,-56.83,41.75,"44843",7,16.9,1,NA,15
1997-12-08 09:05:00,-56.83,41.74,"44843",7,16.9,1,NA,15
1997-12-08 10:50:00,-56.83,41.73,"44843",7,16.8,1,NA,15
1997-12-08 12:26:00,-56.83,41.73,"44843",7,16.7,1,NA,15
1997-12-10 17:37:00,-56.94,41.53,"44843",7,16.8,1,NA,15
1997-12-10 19:47:00,-56.94,41.53,"44843",7,16.7,1,NA,15
1997-12-10 21:26:00,-56.97,41.52,"44843",7,16.8,1,NA,15
1997-12-10 23:08:00,-56.98,41.52,"44843",7,16.8,1,NA,15
1997-12-11 05:59:00,-56.97,41.46,"44843",7,16.7,1,NA,15
1997-12-11 07:41:00,-56.96,41.44,"44843",7,16.8,1,NA,15
1997-12-11 09:43:00,-56.97,41.43,"44843",7,16.7,1,NA,15
1997-12-11 11:22:00,-56.97,41.43,"44843",7,16.7,1,NA,15
1997-12-13 17:06:00,-57.27,41.18,"44843",7,16.4,1,NA,15
1997-12-13 18:46:00,-57.28,41.17,"44843",7,16.4,1,NA,15
1997-12-13 20:21:00,-57.28,41.17,"44843",7,16.4,1,NA,15
1997-12-13 22:00:00,-57.31,41.15,"44843",7,16.4,1,NA,15
1997-12-13 23:39:00,-57.31,41.15,"44843",7,16.4,1,NA,15
1997-12-14 05:25:00,-57.34,41.14,"44843",7,16.4,1,NA,15
1997-12-14 07:08:00,-57.34,41.14,"44843",7,16.4,1,NA,15
1997-12-14 08:46:00,-57.36,41.14,"44843",7,16.4,1,NA,15
1997-12-14 10:17:00,-57.36,41.12,"44843",7,16.4,1,NA,15
1997-12-14 11:56:00,-57.36,41.12,"44843",7,16.4,1,NA,15
1997-12-16 16:29:00,-57.34,40.94,"44843",7,15.8,1,NA,15
1997-12-16 18:15:00,-57.34,40.94,"44843",7,15.8,1,NA,15
1997-12-16 20:56:00,-57.35,40.95,"44843",7,15.7,1,NA,15
1997-12-16 22:34:00,-57.35,40.96,"44843",7,15.7,1,NA,15
1997-12-17 04:50:00,-57.35,40.96,"44843",7,15.5,1,NA,15
1997-12-17 06:37:00,-57.32,41,"44843",7,15,1,NA,15
1997-12-17 08:16:00,-57.32,41,"44843",7,15,1,NA,15
1997-12-17 09:06:00,-57.32,41.01,"44843",7,14.9,1,NA,15
1997-12-17 10:52:00,-57.33,41.02,"44843",7,14.8,1,NA,15
1997-12-17 12:29:00,-57.33,41.02,"44843",7,14.7,1,NA,15
1997-12-19 15:59:00,-57.34,41.18,"44843",7,15.5,1,NA,15
1997-12-19 17:38:00,-57.32,41.19,"44843",7,15.4,1,NA,15
1997-12-19 19:49:00,-57.33,41.19,"44843",7,14.8,1,NA,15
1997-12-19 21:27:00,-57.33,41.19,"44843",7,14.7,1,NA,15
1997-12-19 23:09:00,-57.32,41.19,"44843",7,15.2,1,NA,15
1997-12-20 06:02:00,-57.29,41.2,"44843",7,15.3,1,NA,15
1997-12-20 07:43:00,-57.29,41.2,"44843",7,15.5,1,NA,15
1997-12-20 09:18:00,-57.29,41.2,"44843",7,15.6,1,NA,15
1997-12-20 11:25:00,-57.29,41.22,"44843",7,15.6,1,NA,15
1997-12-22 17:08:00,-56.86,41.29,"44843",7,15.3,1,NA,15
1997-12-22 18:47:00,-56.83,41.31,"44843",7,15.2,1,NA,15
1997-12-22 20:23:00,-56.81,41.31,"44843",7,15.2,1,NA,15
1997-12-22 22:00:00,-56.81,41.31,"44843",7,15.2,1,NA,15
1997-12-23 05:26:00,-56.8,41.32,"44843",7,15.4,1,NA,15
1997-12-23 07:11:00,-56.64,41.31,"44843",7,15.4,1,NA,15
1997-12-23 08:35:00,-56.64,41.31,"44843",7,15.5,1,NA,15
1997-12-23 10:19:00,-56.58,41.31,"44843",7,15.3,1,NA,15
1997-12-23 11:57:00,-56.55,41.32,"44843",7,15.3,1,NA,15
1997-12-25 16:34:00,-55,40.75,"44843",7,16.2,1,NA,15
1997-12-25 18:14:00,-55,40.75,"44843",7,16.2,1,NA,15
1997-12-16 06:47:00,-57.16,40.1,"44930",7,16.8,1,NA,15
1997-12-16 08:26:00,-57.16,40.1,"44930",7,16.7,1,NA,15
1997-12-16 09:32:00,-57.18,40.12,"44930",7,16.7,1,NA,15
1997-12-16 11:13:00,-57.2,40.13,"44930",7,16.7,1,NA,15
1997-12-16 16:29:00,-57.22,40.21,"44930",7,16.7,1,NA,15
1997-12-16 18:12:00,-57.21,40.24,"44930",7,16.7,1,NA,15
1997-12-16 19:53:00,-57.21,40.26,"44930",7,16.7,1,NA,15
1997-12-16 20:53:00,-57.21,40.27,"44930",7,16.7,1,NA,15
1997-12-16 22:33:00,-57.21,40.29,"44930",7,16.7,1,NA,15
1997-12-17 04:52:00,-57.21,40.29,"44930",7,16.8,1,NA,15
1997-12-17 06:31:00,-57.21,40.29,"44930",7,17,1,NA,15
1997-12-17 08:17:00,-57.25,40.41,"44930",7,17,1,NA,15
1997-12-17 09:08:00,-57.26,40.42,"44930",7,17,1,NA,15
1997-12-17 10:52:00,-57.27,40.44,"44930",7,17,1,NA,15
1997-12-17 12:29:00,-57.27,40.45,"44930",7,17.1,1,NA,15
1997-12-17 16:21:00,-57.28,40.49,"44930",7,17.1,1,NA,15
1997-12-17 17:59:00,-57.3,40.49,"44930",7,17.1,1,NA,15
1997-12-17 19:41:00,-57.31,40.52,"44930",7,17.1,1,NA,15
1997-12-17 20:33:00,-57.32,40.51,"44930",7,17.1,1,NA,15
1997-12-17 22:12:00,-57.33,40.53,"44930",7,17.1,1,NA,15
1997-12-18 04:39:00,-57.33,40.53,"44930",7,17,1,NA,15
1997-12-18 06:25:00,-57.37,40.59,"44930",7,17,1,NA,15
1997-12-18 08:05:00,-57.37,40.59,"44930",7,17,1,NA,15
1997-12-18 08:47:00,-57.38,40.61,"44930",7,17.1,1,NA,15
1997-12-18 10:31:00,-57.4,40.61,"44930",7,17.1,1,NA,15
1997-12-18 12:09:00,-57.41,40.61,"44930",7,17,1,NA,15
1997-12-20 17:29:00,-57.75,40.83,"44930",7,16.6,1,NA,15
1997-12-20 19:25:00,-57.77,40.83,"44930",7,16.6,1,NA,15
1997-12-20 21:06:00,-57.8,40.83,"44930",7,16.6,1,NA,15
1997-12-20 22:47:00,-57.81,40.84,"44930",7,16.6,1,NA,15
1997-12-21 05:51:00,-57.83,40.91,"44930",7,16.5,1,NA,15
1997-12-21 07:33:00,-57.83,40.92,"44930",7,16.4,1,NA,15
1997-12-21 09:08:00,-57.83,40.92,"44930",7,16.4,1,NA,15
1997-12-21 11:05:00,-57.84,40.94,"44930",7,16.3,1,NA,15
1997-12-21 12:41:00,-57.83,40.96,"44930",7,16.3,1,NA,15
1997-12-03 17:17:00,-51.92,41.72,"44929",7,NA,15,NA,15
1997-12-03 18:59:00,-51.9,41.7,"44929",7,NA,15,NA,15
1997-12-03 20:42:00,-51.85,41.7,"44929",7,NA,15,NA,15
1997-12-03 22:19:00,-51.8,41.7,"44929",7,NA,15,NA,15
1997-12-04 05:34:00,-51.61,41.7,"44929",7,NA,15,NA,15
1997-12-04 07:18:00,-51.56,41.7,"44929",7,NA,15,NA,15
1997-12-04 08:52:00,-51.57,41.7,"44929",7,NA,15,NA,15
1997-12-04 10:38:00,-51.5,41.67,"44929",7,NA,15,NA,15
1997-12-04 12:15:00,-51.46,41.66,"44929",7,NA,15,NA,15
1997-12-04 15:21:00,-51.4,41.68,"44929",7,NA,15,NA,15
1997-12-13 15:24:00,-59.99,42.01,"44833",7,11.5,1,NA,15
1997-12-13 17:07:00,-59.89,42,"44833",7,11.6,1,NA,15
